title	style	body	thinkingHTML
奇跡の経営 要約スライド		<div class="flex justify-center items-center w-[1280px] min-h-[720px] bg-gradient-to-br from-blue-50 to-white" style="font-family: 'Noto Sans JP', sans-serif;"><div class="flex flex-col items-center text-center px-16 py-12 max-w-4xl"><div class="mb-4"><i class="fas fa-sun text-yellow-400 text-5xl mb-3"></i><i class="fas fa-calendar-alt text-blue-600 text-4xl ml-4"></i></div><h1 class="text-6xl font-bold text-blue-800 mb-4">奇跡の経営</h1><h2 class="text-3xl font-medium text-blue-600 mb-8">一週間毎日が週末発想のススメ</h2><div class="w-24 h-1 bg-blue-500 mb-8"></div><div class="mb-12"><p class="text-2xl text-gray-700">リカルド・セムラー 著</p><p class="text-xl text-gray-600 mt-1">セムコ社 CEO</p></div><div class="bg-blue-50 rounded-lg p-6 w-full max-w-lg"><p class="text-lg text-gray-700 mb-4"><i class="fas fa-users mr-2 text-blue-500"></i>対象読者：経営者・人事・マネジャー・チームリーダー・働き方改革に関心がある方</p><p class="text-lg text-gray-700"><i class="fas fa-lightbulb mr-2 text-yellow-500"></i>セムコ社の実践から、自由と民主性で成果と幸福を両立する方法を学ぶ</p></div></div></div>	<div><h1 data-source-line="1-1">表紙スライドの作成</h1><p data-source-line="3-3">私は書籍『奇跡の経営 一週間毎日が週末発想のススメ』の要約スライドの表紙ページを作成します。表紙には以下の要素を含める必要があります：</p><ol data-source-line="5-10"><li data-source-line="5-5">タイトル：奇跡の経営</li><li data-source-line="6-6">サブタイトル：一週間毎日が週末発想のススメ</li><li data-source-line="7-7">著者情報：リカルド・セムラー（セムコ社CEO）</li><li data-source-line="8-8">対象：経営者・人事・マネジャー・チームリーダー・働き方改革に関心がある方</li><li data-source-line="9-10">目的：セムコ社の実践から、自由と民主性で成果と幸福を両立する方法を学ぶ</li></ol><p data-source-line="11-11">デザインの方針：</p><ul data-source-line="12-16"><li data-source-line="12-12">シンプルで読みやすいレイアウト</li><li data-source-line="13-13">テキスト情報を中央に配置</li><li data-source-line="14-14">ビジネス書要約にふさわしい専門的な印象</li><li data-source-line="15-16">日本語フォント（Noto Sans JPなど）の使用</li></ul><p data-source-line="17-17">ビジュアル要素：</p><ul data-source-line="18-20"><li data-source-line="18-18">「週末」の概念を表現する何か（リラックスとビジネスの融合）</li><li data-source-line="19-20">会社/組織のイメージを伝えるアイコンや図形</li></ul><p data-source-line="21-21">レイアウト：</p><ul data-source-line="22-26"><li data-source-line="22-22">タイトルを大きく目立たせる</li><li data-source-line="23-23">サブタイトルはやや小さく配置</li><li data-source-line="24-24">著者情報はその下に配置</li><li data-source-line="25-26">対象者・目的はさらに小さく下部に配置</li></ul><p data-source-line="27-27">カラースキーム：</p><ul data-source-line="28-31"><li data-source-line="28-28">ビジネス寄りながらも明るい印象の配色</li><li data-source-line="29-29">メインカラーと補足カラーの組み合わせ</li><li data-source-line="30-31">文字色は読みやすさを重視</li></ul><p data-source-line="32-32">以上の方針に基づいて表紙スライドのHTMLコードを作成します。</p></div>
本書の概要と対象読者		<div class="flex flex-col w-[1280px] min-h-[720px] bg-gradient-to-br from-blue-50 to-white" style="font-family: 'Noto Sans JP', sans-serif;"><header class="bg-blue-700 py-4 px-8"><h1 class="text-3xl font-bold text-white">本書の概要と対象読者</h1></header><div class="flex flex-1 p-8"><!-- 左側：テーマとコアコンセプト --><div class="flex-1 pr-6 border-r border-gray-200"><div class="mb-8"><h2 class="text-2xl font-bold text-blue-700 mb-4 flex items-center"><i class="fas fa-book-open mr-3"></i>テーマ                    </h2><div class="bg-blue-50 rounded-lg p-5"><p class="text-xl text-gray-700 mb-3">「一週間毎日が週末発想」</p><p class="text-lg text-gray-600">週末の自由・幸福・自律性を平日の仕事に持ち込む新しい経営哲学と実践</p></div></div><div><h2 class="text-2xl font-bold text-blue-700 mb-4 flex items-center"><i class="fas fa-lightbulb mr-3"></i>コアコンセプト                    </h2><ul class="space-y-3"><li class="flex items-start"><i class="fas fa-check-circle text-green-500 mt-1 mr-3"></i><p class="text-lg text-gray-700">コントロールの放棄、民主的運営</p></li><li class="flex items-start"><i class="fas fa-check-circle text-green-500 mt-1 mr-3"></i><p class="text-lg text-gray-700">自己管理、主体性の尊重</p></li><li class="flex items-start"><i class="fas fa-check-circle text-green-500 mt-1 mr-3"></i><p class="text-lg text-gray-700">情報のオープン化と透明性</p></li><li class="flex items-start"><i class="fas fa-check-circle text-green-500 mt-1 mr-3"></i><p class="text-lg text-gray-700">「なぜ？」を問い続ける文化</p></li></ul></div></div><!-- 右側：対象読者と期待される変化 --><div class="flex-1 pl-6"><div class="mb-8"><h2 class="text-2xl font-bold text-blue-700 mb-4 flex items-center"><i class="fas fa-users mr-3"></i>対象読者                    </h2><ul class="space-y-3"><li class="flex items-start"><i class="fas fa-user-tie text-blue-500 mt-1 mr-3"></i><p class="text-lg text-gray-700">経営者・役員・事業部長</p></li><li class="flex items-start"><i class="fas fa-user-friends text-blue-500 mt-1 mr-3"></i><p class="text-lg text-gray-700">人事部門・組織開発担当者</p></li><li class="flex items-start"><i class="fas fa-tasks text-blue-500 mt-1 mr-3"></i><p class="text-lg text-gray-700">現場リーダー・マネジャー</p></li><li class="flex items-start"><i class="fas fa-sync-alt text-blue-500 mt-1 mr-3"></i><p class="text-lg text-gray-700">働き方改革に関心のある方</p></li></ul></div><div><h2 class="text-2xl font-bold text-blue-700 mb-4 flex items-center"><i class="fas fa-chart-line mr-3"></i>期待される変化                    </h2><ul class="space-y-3"><li class="flex items-start"><i class="fas fa-arrow-right text-orange-500 mt-1 mr-3"></i><p class="text-lg text-gray-700">管理主義から信頼主義への移行</p></li><li class="flex items-start"><i class="fas fa-arrow-right text-orange-500 mt-1 mr-3"></i><p class="text-lg text-gray-700">制度ではなく文化を設計する視点</p></li><li class="flex items-start"><i class="fas fa-arrow-right text-orange-500 mt-1 mr-3"></i><p class="text-lg text-gray-700">社員の主体性が成果と直結する仕組み</p></li><li class="flex items-start"><i class="fas fa-arrow-right text-orange-500 mt-1 mr-3"></i><p class="text-lg text-gray-700">退職率低下と生産性向上の両立</p></li></ul></div></div></div></div>	<div><p data-source-line="1-1">まず、ページ2：本書の概要と対象読者を作成します。このページには以下の内容を含める必要があります：</p><ul data-source-line="2-6"><li data-source-line="2-2">書籍のテーマ（「一週間毎日が週末発想」の説明）</li><li data-source-line="3-3">コアコンセプト（コントロールの放棄、民主的運営など）</li><li data-source-line="4-4">対象読者（経営者、人事、現場リーダーなど）</li><li data-source-line="5-6">読後に期待される変化</li></ul><p data-source-line="7-7">このページはtoc_overviewという名前のマスターテンプレートとなり、後続のスライドのデザイン参照として機能します。</p><p data-source-line="9-9">表紙のデザインを踏襲しつつ、内容を明確に伝えるレイアウトを作成します。</p></div>
目次・全体構造（曜日×章）		<div class="flex flex-col w-[1280px] min-h-[720px] bg-gradient-to-br from-blue-50 to-white" style="font-family: 'Noto Sans JP', sans-serif;"><header class="bg-blue-700 py-4 px-8"><h1 class="text-3xl font-bold text-white">目次・全体構造（曜日×章）</h1></header><div class="flex flex-col flex-1 p-8"><p class="text-xl text-gray-700 mb-6">本書は「曜日」をメタファーに企業経営の新しいあり方を提示しています。各章と曜日の対応は以下の通りです。</p><div class="grid grid-cols-3 gap-6 mt-4"><!-- 第一章 --><div class="bg-blue-50 rounded-lg p-5 border-l-4 border-blue-700"><div class="flex items-center mb-3"><i class="fas fa-calendar-day text-blue-700 text-2xl mr-3"></i><h2 class="text-xl font-bold text-blue-700">Anyday（どんな日でも）</h2></div><p class="text-lg text-gray-700 mb-1">第一章</p><p class="text-lg text-gray-600">序章/哲学と警告</p></div><!-- 第二章 --><div class="bg-orange-50 rounded-lg p-5 border-l-4 border-orange-500"><div class="flex items-center mb-3"><i class="fas fa-sun text-orange-500 text-2xl mr-3"></i><h2 class="text-xl font-bold text-orange-500">Sunday（日曜日）</h2></div><p class="text-lg text-gray-700 mb-1">第二章</p><p class="text-lg text-gray-600">自由な時間・バランス</p></div><!-- 第三章 --><div class="bg-green-50 rounded-lg p-5 border-l-4 border-green-600"><div class="flex items-center mb-3"><i class="fas fa-briefcase text-green-600 text-2xl mr-3"></i><h2 class="text-xl font-bold text-green-600">Monday（月曜日）</h2></div><p class="text-lg text-gray-700 mb-1">第三章</p><p class="text-lg text-gray-600">モチベーションと自律</p></div><!-- 第四章 --><div class="bg-red-50 rounded-lg p-5 border-l-4 border-red-500"><div class="flex items-center mb-3"><i class="fas fa-smile-beam text-red-500 text-2xl mr-3"></i><h2 class="text-xl font-bold text-red-500">Tuesday（火曜日）</h2></div><p class="text-lg text-gray-700 mb-1">第四章</p><p class="text-lg text-gray-600">仕事=幸福/才能開花</p></div><!-- 第五章 --><div class="bg-teal-50 rounded-lg p-5 border-l-4 border-teal-600"><div class="flex items-center mb-3"><i class="fas fa-chart-line text-teal-600 text-2xl mr-3"></i><h2 class="text-xl font-bold text-teal-600">Wednesday（水曜日）</h2></div><p class="text-lg text-gray-700 mb-1">第五章</p><p class="text-lg text-gray-600">成長神話への疑問・倫理</p></div><!-- 第六章 --><div class="bg-indigo-50 rounded-lg p-5 border-l-4 border-indigo-600"><div class="flex items-center mb-3"><i class="fas fa-users text-indigo-600 text-2xl mr-3"></i><h2 class="text-xl font-bold text-indigo-600">Thursday（木曜日）</h2></div><p class="text-lg text-gray-700 mb-1">第六章</p><p class="text-lg text-gray-600">情報公開と民主的運営</p></div><!-- 第七章 --><div class="bg-purple-50 rounded-lg p-5 border-l-4 border-purple-600"><div class="flex items-center mb-3"><i class="fas fa-random text-purple-600 text-2xl mr-3"></i><h2 class="text-xl font-bold text-purple-600">Friday（金曜日）</h2></div><p class="text-lg text-gray-700 mb-1">第七章</p><p class="text-lg text-gray-600">多様性/自己管理/採用</p></div><!-- 第八章 --><div class="bg-yellow-50 rounded-lg p-5 border-l-4 border-yellow-600"><div class="flex items-center mb-3"><i class="fas fa-hand-holding-usd text-yellow-600 text-2xl mr-3"></i><h2 class="text-xl font-bold text-yellow-600">Saturday（土曜日）</h2></div><p class="text-lg text-gray-700 mb-1">第八章</p><p class="text-lg text-gray-600">会議の自主性/給与自己決定</p></div><!-- 第九章 --><div class="bg-blue-50 rounded-lg p-5 border-l-4 border-blue-600"><div class="flex items-center mb-3"><i class="fas fa-infinity text-blue-600 text-2xl mr-3"></i><h2 class="text-xl font-bold text-blue-600">Everyday（毎日）</h2></div><p class="text-lg text-gray-700 mb-1">第九章</p><p class="text-lg text-gray-600">直観・セレンディピティ・変革</p></div></div></div></div>	<div><p data-source-line="1-1">I need to create slide 3 using the existing template "toc_overview" for the "目次・全体構造" (Table of Contents/Overall Structure) slide. This page should organize each chapter title with its corresponding day of the week in a table format.</p><p data-source-line="3-3">From the outline, I know that the book is structured around days of the week:</p><ul data-source-line="4-13"><li data-source-line="4-4">第一章：Anyday（どんな日でも）</li><li data-source-line="5-5">第二章：Sunday（日曜日）</li><li data-source-line="6-6">第三章：Monday（月曜日）</li><li data-source-line="7-7">第四章：Tuesday（火曜日）</li><li data-source-line="8-8">第五章：Wednesday（水曜日）</li><li data-source-line="9-9">第六章：Thursday（木曜日）</li><li data-source-line="10-10">第七章：Friday（金曜日）</li><li data-source-line="11-11">第八章：Saturday（土曜日）</li><li data-source-line="12-13">第九章：Everyday（毎日）</li></ul><p data-source-line="14-14">Each chapter also has specific themes:</p><ul data-source-line="15-24"><li data-source-line="15-15">第一章：序章/哲学と警告</li><li data-source-line="16-16">第二章：自由な時間・バランス</li><li data-source-line="17-17">第三章：モチベーションと自律</li><li data-source-line="18-18">第四章：仕事=幸福/才能開花</li><li data-source-line="19-19">第五章：成長神話への疑問・倫理</li><li data-source-line="20-20">第六章：情報公開と民主的運営</li><li data-source-line="21-21">第七章：多様性/自己管理/採用</li><li data-source-line="22-22">第八章：会議の自主性/給与自己決定/リーダーシップ</li><li data-source-line="23-24">第九章：直観・セレンディピティ・変革</li></ul><p data-source-line="25-25">I'll use the same structure as slide 2 (toc_overview template), but modify the content to show the table of contents with days of the week. I'll maintain the color scheme and styling but adapt the layout to better present the chapter information.</p></div>
セムコ社とは（背景・実績・評価）		<div class="flex flex-col w-[1280px] min-h-[720px] bg-gradient-to-br from-blue-50 to-white" style="font-family: 'Noto Sans JP', sans-serif;"><header class="bg-blue-700 py-4 px-8"><h1 class="text-3xl font-bold text-white">セムコ社とは（背景・実績・評価）</h1></header><div class="flex flex-1 p-8"><!-- 左側：背景と基本情報 --><div class="flex-1 pr-6 border-r border-gray-200"><div class="mb-8"><h2 class="text-2xl font-bold text-blue-700 mb-4 flex items-center"><i class="fas fa-building mr-3"></i>背景</h2><div class="bg-blue-50 rounded-lg p-5 mb-4"><ul class="space-y-3"><li class="flex items-start"><i class="fas fa-globe-americas text-blue-500 mt-1 mr-3"></i><p class="text-lg text-gray-700">ブラジル発の多角事業グループ</p></li><li class="flex items-start"><i class="fas fa-industry text-blue-500 mt-1 mr-3"></i><p class="text-lg text-gray-700">産業機械、エンジニアリング、ベンチャービジネス、ビル管理、環境ビジネスなど多様な事業展開</p></li><li class="flex items-start"><i class="fas fa-sitemap text-blue-500 mt-1 mr-3"></i><p class="text-lg text-gray-700">組織図・役職・人事部に依存しないフラット運営</p></li></ul></div><h2 class="text-2xl font-bold text-blue-700 mb-4 flex items-center"><i class="fas fa-chess mr-3"></i>特徴的な経営スタイル</h2><ul class="space-y-3"><li class="flex items-start"><i class="fas fa-ban text-red-500 mt-1 mr-3"></i><p class="text-lg text-gray-700">組織階層・公式組織図の不在</p></li><li class="flex items-start"><i class="fas fa-question-circle text-orange-500 mt-1 mr-3"></i><p class="text-lg text-gray-700">企業理念・長期予算・戦略計画の不在</p></li><li class="flex items-start"><i class="fas fa-vote-yea text-green-500 mt-1 mr-3"></i><p class="text-lg text-gray-700">民主的な意思決定とコントロールの放棄</p></li></ul></div></div><!-- 右側：実績と評価 --><div class="flex-1 pl-6"><div class="mb-8"><h2 class="text-2xl font-bold text-blue-700 mb-4 flex items-center"><i class="fas fa-chart-line mr-3"></i>成長実績</h2><div class="bg-green-50 rounded-lg p-5 mb-4"><ul class="space-y-3"><li class="flex items-start"><i class="fas fa-dollar-sign text-green-600 mt-1 mr-3"></i><p class="text-lg text-gray-700"><span class="font-bold">売上成長：</span> 6年で3,500万ドル→2億1,200万ドル</p></li><li class="flex items-start"><i class="fas fa-users text-green-600 mt-1 mr-3"></i><p class="text-lg text-gray-700"><span class="font-bold">従業員：</span> 約3,000名</p></li><li class="flex items-start"><i class="fas fa-door-open text-green-600 mt-1 mr-3"></i><p class="text-lg text-gray-700"><span class="font-bold">離職率：</span> 1%以下（例：2001年は3,000人中わずか3人）</p></li></ul></div><h2 class="text-2xl font-bold text-blue-700 mb-4 flex items-center"><i class="fas fa-award mr-3"></i>世界的評価</h2><ul class="space-y-3"><li class="flex items-start"><i class="fas fa-university text-purple-500 mt-1 mr-3"></i><p class="text-lg text-gray-700">ハーバード・INSEAD・LSEなど77大学の事例研究対象</p></li><li class="flex items-start"><i class="fas fa-tv text-purple-500 mt-1 mr-3"></i><p class="text-lg text-gray-700">BBC等の世界的メディアで特集</p></li></ul></div><div class="bg-yellow-50 rounded-lg p-5 mt-auto"><h2 class="text-xl font-bold text-blue-700 mb-2 flex items-center"><i class="fas fa-lightbulb mr-2 text-yellow-500"></i>示唆</h2><p class="text-lg text-gray-700">管理・命令より、信頼・自律・情報公開で成果を出す先行事例</p></div></div></div></div>	<div><p data-source-line="1-1">これから「セムコ社とは」というスライドを作成します。2カラムレイアウトで、左側に背景や基本情報、右側に実績や評価を配置するデザインです。</p><p data-source-line="3-3">要件:</p><ul data-source-line="4-11"><li data-source-line="4-4">幅1280px、高さ720pxのスライド</li><li data-source-line="5-5">Tailwind CSSを使用したスタイリング</li><li data-source-line="6-6">2カラムレイアウト（左右に分割）</li><li data-source-line="7-7">左側：セムコ社の背景と基本情報</li><li data-source-line="8-8">右側：成長実績と世界的評価</li><li data-source-line="9-9">フォントはNoto Sans JPを使用</li><li data-source-line="10-11">アイコンにはFont Awesomeを使用</li></ul><p data-source-line="12-12">スライド4の内容:</p><ul data-source-line="13-16"><li data-source-line="13-13">背景: ブラジル発の多角事業グループ、産業機械・エンジニアリング等が事業分野、組織図・役職・人事部に依存しないフラット運営</li><li data-source-line="14-14">実績/評価: 6年で売上3,500万→2億1,200万ドル、従業員約3,000名、離職率1%以下、77大学のケース扱い、BBCなどのメディア特集</li><li data-source-line="15-16">示唆: 管理・命令より、信頼・自律・情報公開で成果を出す先行事例</li></ul><p data-source-line="17-17">これを踏まえて、視覚的に魅力的でシンプルな2カラムレイアウトのスライドを作成します。</p></div>
第1章 Anyday: コントロールの放棄		<div class="flex flex-col w-[1280px] min-h-[720px] bg-gradient-to-br from-blue-50 to-white" style="font-family: 'Noto Sans JP', sans-serif;"><header class="bg-blue-700 py-4 px-8"><h1 class="text-3xl font-bold text-white">第1章 Anyday: コントロールの放棄</h1></header><div class="flex flex-1 p-8"><div class="w-full"><div class="bg-blue-50 rounded-lg p-6 mb-8"><div class="flex items-center mb-4"><i class="fas fa-sun text-yellow-500 text-3xl mr-4"></i><p class="text-xl text-gray-700">どんな日でも - 従来の経営の枠組みを手放し、民主制経営へ</p></div></div><div class="grid grid-cols-1 gap-6"><div class="flex items-start"><div class="mr-6 mt-1"><div class="w-12 h-12 rounded-full bg-blue-600 flex items-center justify-center"><i class="fas fa-handshake text-white text-xl"></i></div></div><div><h3 class="text-xl font-bold text-blue-700 mb-2">指揮統制をやめ、社員の自主管理へ</h3><p class="text-lg text-gray-700">「コントロールをやめることが絶対的に重要」であり、階層的な管理や指示命令型のマネジメントを否定。代わりに社員が自らの興味と直感で仕事を選び、自主管理するシステムを採用しています。</p></div></div><div class="flex items-start"><div class="mr-6 mt-1"><div class="w-12 h-12 rounded-full bg-purple-600 flex items-center justify-center"><i class="fas fa-sitemap text-white text-xl"></i></div></div><div><h3 class="text-xl font-bold text-blue-700 mb-2">組織図や固定役職に依存しない</h3><p class="text-lg text-gray-700">組織階層も公式の組織図も存在せず、CEO・COO・CIOが不在の時期もあります。人事部がなく、長期予算・ビジネスプラン・戦略計画も極小化されています。</p></div></div><div class="flex items-start"><div class="mr-6 mt-1"><div class="w-12 h-12 rounded-full bg-green-600 flex items-center justify-center"><i class="fas fa-question-circle text-white text-xl"></i></div></div><div><h3 class="text-xl font-bold text-blue-700 mb-2">「なぜ？」を問い続ける文化が惰性を破る</h3><p class="text-lg text-gray-700">「われわれの成功の秘訣は、理由を問うこと」。特定のことについて連続して3回は「なぜ？」と質問し、固定観念や惰性からの脱却を戦略的に実践しています。</p></div></div><div class="flex items-start"><div class="mr-6 mt-1"><div class="w-12 h-12 rounded-full bg-orange-500 flex items-center justify-center"><i class="fas fa-users text-white text-xl"></i></div></div><div><h3 class="text-xl font-bold text-blue-700 mb-2">民主的意思決定: 全員参加の文化</h3><p class="text-lg text-gray-700">リーダー選定や新規事業案決定にも全社員が参加。経営の根底にはデモクラシー（民主主義）とオープンコミュニケーション、活発な発言・質問の文化があります。</p></div></div><div class="flex items-start"><div class="mr-6 mt-1"><div class="w-12 h-12 rounded-full bg-red-500 flex items-center justify-center"><i class="fas fa-chart-line text-white text-xl"></i></div></div><div><h3 class="text-xl font-bold text-blue-700 mb-2">成果: 高成長と高満足を両立</h3><p class="text-lg text-gray-700">人数・売上ともに大きく成長（初期90人 年間400万ドル→3000人、2億1200万ドル）し、年40%成長も実現。77大学で事例研究対象となり、世界的に高い評価を得ています。</p></div></div></div></div></div></div>	<div><p data-source-line="1-1">私は、章のダイジェスト用のテンプレートを作成する必要があります。これは第1章「コントロールの放棄」の要約を表示するスライドで、このテンプレートは他の章の要約でも使用される予定です。</p><p data-source-line="3-3">テンプレートの要件:</p><ol data-source-line="4-9"><li data-source-line="4-4">1280px × 720px のサイズ</li><li data-source-line="5-5">章タイトルと曜日を表示</li><li data-source-line="6-6">主要ポイントを箇条書きで整理</li><li data-source-line="7-7">アイコンを使って視覚的に分かりやすくする</li><li data-source-line="8-9">良い視覚デザインで読みやすくする</li></ol><p data-source-line="10-10">この章の主要ポイントは:</p><ul data-source-line="11-16"><li data-source-line="11-11">指揮統制をやめ、社員の自主管理へ</li><li data-source-line="12-12">組織図や固定役職に依存しない/人事部・長期予算・戦略計画も極小化</li><li data-source-line="13-13">「なぜ？」を問い続ける文化が惰性を破る</li><li data-source-line="14-14">民主的意思決定: リーダー選定・新規事業にも全員参加</li><li data-source-line="15-16">成果: 高成長と高満足を両立、世界的に高評価</li></ul><p data-source-line="17-17">スライド1と2、4を参考にして、一貫性のあるデザインで作成します。特にヘッダー部分のスタイルを統一し、本文では分かりやすい箇条書きリストとアイコンを使います。</p></div>
第2章 Sunday: 自由な時間と週末発想		<div class="flex flex-col w-[1280px] min-h-[720px] bg-gradient-to-br from-blue-50 to-white" style="font-family: 'Noto Sans JP', sans-serif;"><header class="bg-blue-700 py-4 px-8"><h1 class="text-3xl font-bold text-white">第2章 Sunday: 自由な時間と週末発想</h1></header><div class="flex flex-1 p-8"><div class="w-full"><div class="bg-blue-50 rounded-lg p-6 mb-8"><div class="flex items-center mb-4"><i class="fas fa-umbrella-beach text-yellow-500 text-3xl mr-4"></i><p class="text-xl text-gray-700">日曜日 - 自由な時間の希少性と仕事・生活のバランス再考</p></div></div><div class="grid grid-cols-1 gap-6"><div class="flex items-start"><div class="mr-6 mt-1"><div class="w-12 h-12 rounded-full bg-blue-600 flex items-center justify-center"><i class="fas fa-hourglass-half text-white text-xl"></i></div></div><div><h3 class="text-xl font-bold text-blue-700 mb-2">自由な時間の希少性を直視</h3><p class="text-lg text-gray-700">現代社会では「雑用や義務から解放され、自分の思い通りに過ごせる時間」が希少になっています。テクノロジーの発展により仕事が私生活を侵食する構造を認識し是正する必要があります。</p></div></div><div class="flex items-start"><div class="mr-6 mt-1"><div class="w-12 h-12 rounded-full bg-purple-600 flex items-center justify-center"><i class="fas fa-clock text-white text-xl"></i></div></div><div><h3 class="text-xl font-bold text-blue-700 mb-2">フレックス/サテライト/在宅の標準化</h3><p class="text-lg text-gray-700">セムコ社では、柔軟な勤務体系（フレックスタイム・サテライトオフィス・在宅勤務）を全社で導入。社員自身が勤務場所・時間を自己決定し、管理職は本質的成果のみを評価する体制に移行しました。</p></div></div><div class="flex items-start"><div class="mr-6 mt-1"><div class="w-12 h-12 rounded-full bg-green-600 flex items-center justify-center"><i class="fas fa-balance-scale text-white text-xl"></i></div></div><div><h3 class="text-xl font-bold text-blue-700 mb-2">成果のみを評価する "寄宿学校型管理" の否定</h3><p class="text-lg text-gray-700">社員が「仕事・個人・精神」のバランスをとれると、生産性も向上し会社にもメリットが生まれます。週末/平日の従来の時間配分や勤務スタイルを根本的に見直し、より柔軟な働き方を推奨しています。</p></div></div><div class="flex items-start"><div class="mr-6 mt-1"><div class="w-12 h-12 rounded-full bg-orange-500 flex items-center justify-center"><i class="fas fa-industry text-white text-xl"></i></div></div><div><h3 class="text-xl font-bold text-blue-700 mb-2">製造ラインにも柔軟勤務を導入</h3><p class="text-lg text-gray-700">一般的に不可能と思われるアセンブリーラインへのフレックスタイム導入にも成功。批判や実務的課題があっても、現場の自主的な調整力で問題なく運用されています。</p></div></div><div class="flex items-start"><div class="mr-6 mt-1"><div class="w-12 h-12 rounded-full bg-red-500 flex items-center justify-center"><i class="fas fa-chart-pie text-white text-xl"></i></div></div><div><h3 class="text-xl font-bold text-blue-700 mb-2">結果: 生産性と満足度が同時向上</h3><p class="text-lg text-gray-700">社員は自由な時間配分により、家族や趣味、自己成長を両立しながら高い生産性と満足感を実現。「自由にさせるとサボる」という従来型管理発想に反し、社員の成熟性と責任感によって成果が向上しています。</p></div></div></div></div></div></div>	<div><p data-source-line="1-1">I need to create a slide for Page 6 that summarizes Chapter 2 (Sunday) focusing on "自由な時間と週末発想" (Free Time and Weekend Thinking). I'll follow the template structure from the sample slide provided but adapt the content specifically for Chapter 2.</p><p data-source-line="3-3">From the analyzed content about Chapter 2, the key points are:</p><ol data-source-line="4-9"><li data-source-line="4-4">The value and rarity of "free time" in modern society</li><li data-source-line="5-5">The implementation of flexible work arrangements like FlexTime and satellite offices</li><li data-source-line="6-6">Work-life balance importance</li><li data-source-line="7-7">Applying flexibility even in manufacturing lines (assembly lines)</li><li data-source-line="8-9">Results showing improved productivity and satisfaction</li></ol><p data-source-line="10-10">I'll create the slide using these points while maintaining the design structure from the provided template:</p><ul data-source-line="11-14"><li data-source-line="11-11">Blue header at the top</li><li data-source-line="12-12">A blue highlighted intro box at the top</li><li data-source-line="13-14">Icon-paired content blocks below with key points</li></ul><p data-source-line="15-15">Let me structure the HTML for Page 6:</p></div>
第3章 Monday: モチベーションと天職		<div class="flex flex-col w-[1280px] min-h-[720px] bg-gradient-to-br from-blue-50 to-white" style="font-family: 'Noto Sans JP', sans-serif;"><header class="bg-blue-700 py-4 px-8"><h1 class="text-3xl font-bold text-white">第3章 Monday: モチベーションと天職</h1></header><div class="flex flex-1 p-8"><div class="w-full"><div class="bg-blue-50 rounded-lg p-6 mb-8"><div class="flex items-center mb-4"><i class="fas fa-moon text-indigo-500 text-3xl mr-4"></i><p class="text-xl text-gray-700">月曜日 - 心からウキウキして働く、社員の自律性とやりがいの両立</p></div></div><div class="grid grid-cols-1 gap-6"><div class="flex items-start"><div class="mr-6 mt-1"><div class="w-12 h-12 rounded-full bg-indigo-600 flex items-center justify-center"><i class="fas fa-star text-white text-xl"></i></div></div><div><h3 class="text-xl font-bold text-blue-700 mb-2">人は誰も「眠っている才能」を持つ</h3><p class="text-lg text-gray-700">潜在能力、興味、スキルを活用し、天職（人生の目的に合致した職業）に就くことで真の仕事への満足感が得られます。社員それぞれの「天職」への接続を支援する仕組みを整えています。</p></div></div><div class="flex items-start"><div class="mr-6 mt-1"><div class="w-12 h-12 rounded-full bg-green-600 flex items-center justify-center"><i class="fas fa-lightbulb text-white text-xl"></i></div></div><div><h3 class="text-xl font-bold text-blue-700 mb-2">モチベーションは強制でなく仕組みで生む</h3><p class="text-lg text-gray-700">強制的トレーニングや集会でなく、自律性を重視。「人は理由があるから働く」という観点から、お金以外の動機づけを大切にし、仕組み自体にモチベーションが生まれるよう設計しています。</p></div></div><div class="flex items-start"><div class="mr-6 mt-1"><div class="w-12 h-12 rounded-full bg-teal-600 flex items-center justify-center"><i class="fas fa-user-clock text-white text-xl"></i></div></div><div><h3 class="text-xl font-bold text-blue-700 mb-2">仕事/場所/時間/給与の自己決定制</h3><p class="text-lg text-gray-700">社員は自分で仕事や働く場所・時間・給与も決める自己管理制を実施。縦割り組織や事細かな職務規定から脱却し、自由な挑戦やジョブローテーションを後押ししています。</p></div></div><div class="flex items-start"><div class="mr-6 mt-1"><div class="w-12 h-12 rounded-full bg-orange-500 flex items-center justify-center"><i class="fas fa-balance-scale text-white text-xl"></i></div></div><div><h3 class="text-xl font-bold text-blue-700 mb-2">人生サイクルに合わせた制度設計</h3><p class="text-lg text-gray-700">「変動型給与」「ちょっとだけリタイア・プログラム」「ワーク・アンド・ストップ・プログラム」など、健康・家族・年齢などに合わせてフレキシブルに働ける制度を導入しています。</p></div></div><div class="flex items-start"><div class="mr-6 mt-1"><div class="w-12 h-12 rounded-full bg-red-500 flex items-center justify-center"><i class="fas fa-user-friends text-white text-xl"></i></div></div><div><h3 class="text-xl font-bold text-blue-700 mb-2">事例: クロヴィスの越境的貢献</h3><p class="text-lg text-gray-700">人事部出身のクロヴィスは職種や役割に縛られず、工場労働者向けのハンモック付き庭園やフレックスタイム制導入を実現。高給オファーを断った理由は「会社の価値観への共感」「人々への貢献」というお金以上の価値でした。</p></div></div></div></div></div></div>	<div><p data-source-line="1-1">私はページ7（第3章 Monday「モチベーションと天職」の要約）を作成します。テンプレートとして「章ダイジェスト（箇条書き）」を使用し、第3章の主要な内容を箇条書きでまとめます。</p><p data-source-line="3-3">テンプレートを参考に、以下の内容を含めます：</p><ol data-source-line="4-11"><li data-source-line="4-4">ヘッダー部分に第3章のタイトル</li><li data-source-line="5-5">サブタイトルとして「月曜日 - モチベーションと天職、社員の自律性」</li><li data-source-line="6-11">箇条書きで以下の主要ポイント：<ul data-source-line="7-11"><li data-source-line="7-7">眠っている才能と天職の発見</li><li data-source-line="8-8">社員の自己決定と自律</li><li data-source-line="9-9">人生サイクルに合わせた制度</li><li data-source-line="10-11">クロヴィスの事例紹介</li></ul></li></ol><p data-source-line="12-12">それぞれにアイコンを付けて視覚的に分かりやすくします。</p><p data-source-line="14-14">テンプレートのHTMLを基に、第3章の内容に合わせてページ7を作成します。</p></div>
第4章 Tuesday: 仕事＝幸福の実現		<div class="flex flex-col w-[1280px] min-h-[720px] bg-gradient-to-br from-blue-50 to-white" style="font-family: 'Noto Sans JP', sans-serif;"><header class="bg-blue-700 py-4 px-8"><h1 class="text-3xl font-bold text-white">第4章 Tuesday: 仕事＝幸福の実現</h1></header><div class="flex flex-1 p-8"><div class="w-full"><div class="bg-blue-50 rounded-lg p-6 mb-8"><div class="flex items-center mb-4"><i class="fas fa-smile-beam text-yellow-500 text-3xl mr-4"></i><p class="text-xl text-gray-700">火曜日 - 全社員の才能を引き出し、仕事と幸福を一致させる</p></div></div><div class="grid grid-cols-1 gap-6"><div class="flex items-start"><div class="mr-6 mt-1"><div class="w-12 h-12 rounded-full bg-blue-600 flex items-center justify-center"><i class="fas fa-heart text-white text-xl"></i></div></div><div><h3 class="text-xl font-bold text-blue-700 mb-2">仕事の究極目的は「価値と目的に沿って生きている実感」</h3><p class="text-lg text-gray-700">仕事が意義あるものとなるには、それぞれの人の才能に合わせてカスタマイズされたものであるべき。単に職務記述書通りの仕事や給料のためだけの仕事では充実感や成長は得られません。</p></div></div><div class="flex items-start"><div class="mr-6 mt-1"><div class="w-12 h-12 rounded-full bg-green-600 flex items-center justify-center"><i class="fas fa-sync-alt text-white text-xl"></i></div></div><div><h3 class="text-xl font-bold text-blue-700 mb-2">ジョブローテーション/リバース評価/自己管理で才能を開花</h3><p class="text-lg text-gray-700">職場の自由な選択、部下が上司を評価する制度、自己管理といった一連のプログラムを通じて、社員一人ひとりの眠っている才能を引き出し、天職を見つける環境を実現しています。</p></div></div><div class="flex items-start"><div class="mr-6 mt-1"><div class="w-12 h-12 rounded-full bg-purple-600 flex items-center justify-center"><i class="fas fa-balance-scale text-white text-xl"></i></div></div><div><h3 class="text-xl font-bold text-blue-700 mb-2">評議員制度: 社員代表が価値観逸脱を監視</h3><p class="text-lg text-gray-700">117人の評議員を社員が選出し、各事業単位や地域、現場ごとにセムコ社の社員を代表。月に一度委員会を開き、経営陣がセムコ社の原則・価値観に反していないか確認します。</p></div></div><div class="flex items-start"><div class="mr-6 mt-1"><div class="w-12 h-12 rounded-full bg-orange-500 flex items-center justify-center"><i class="fas fa-user-check text-white text-xl"></i></div></div><div><h3 class="text-xl font-bold text-blue-700 mb-2">離職率1%以下の背景は"自発性と尊重"</h3><p class="text-lg text-gray-700">2001年に自主的にセムコ社を辞めた人は約3000人中わずか3人だけ。社員の自発性重視、「思い通りに仕向ける教育は一切しない」という姿勢が、高い定着率と満足度を生み出しています。</p></div></div><div class="flex items-start"><div class="mr-6 mt-1"><div class="w-12 h-12 rounded-full bg-red-500 flex items-center justify-center"><i class="fas fa-chart-bar text-white text-xl"></i></div></div><div><h3 class="text-xl font-bold text-blue-700 mb-2">数字主義/恐怖政治/ベルカーブ淘汰を批判</h3><p class="text-lg text-gray-700">「パフォーマンスが悪いからといって社員を解雇すると、必ず別の問題が生まれる」と、ジャック・ウェルチ式の下位10%切り捨てやベルカーブ評価、数値一辺倒の経営手法を明確に否定しています。</p></div></div></div></div></div></div>	<div><p data-source-line="1-1">私は、スライド8を作成する必要があります。このスライドは第4章 "Tuesday"「仕事＝幸福の実現」の要約です。章ダイジェスト（箇条書き）テンプレートを使用して、評議員制度、離職率1%以下、ベルカーブ評価批判などを箇条書きで整理する内容にする必要があります。</p><p data-source-line="3-3">先ほど示されたテンプレートの構造に従って、内容を適切に配置します。</p><p data-source-line="5-5">テンプレートの構造:</p><ol data-source-line="6-9"><li data-source-line="6-6">ヘッダー部分：章のタイトル</li><li data-source-line="7-7">サブヘッダー：章の概要説明</li><li data-source-line="8-9">ポイントごとのセクション（アイコン付き）</li></ol><p data-source-line="10-10">私のスライド8で表現すべきポイントは以下のようになります：</p><ol data-source-line="11-16"><li data-source-line="11-11">仕事の究極目的は「価値と目的に沿って生きている実感」</li><li data-source-line="12-12">ジョブローテーション/リバース評価/自己管理で才能を引き出す</li><li data-source-line="13-13">評議員制度: 社員代表が価値観逸脱を監視</li><li data-source-line="14-14">離職率1%以下の背景は"自発性と尊重"</li><li data-source-line="15-16">数字主義/恐怖政治/ベルカーブ淘汰を批判</li></ol><p data-source-line="17-17">これらを基にHTML構造を作成します。スタイルはテンプレートに合わせ、内容を適切に配置します。</p></div>
第5章 Wednesday: 成長神話への挑戦		<div class="flex flex-col w-[1280px] min-h-[720px] bg-gradient-to-br from-blue-50 to-white" style="font-family: 'Noto Sans JP', sans-serif;"><header class="bg-blue-700 py-4 px-8"><h1 class="text-3xl font-bold text-white">第5章 Wednesday: 成長神話への挑戦</h1></header><div class="flex flex-1 p-8"><div class="w-full"><div class="bg-blue-50 rounded-lg p-6 mb-8"><div class="flex items-center mb-4"><i class="fas fa-balance-scale text-blue-500 text-3xl mr-4"></i><p class="text-xl text-gray-700">水曜日 - 企業成長や利益追求の価値観を問い直し、新しい評価軸を模索する</p></div></div><div class="grid grid-cols-1 gap-6"><div class="flex items-start"><div class="mr-6 mt-1"><div class="w-12 h-12 rounded-full bg-red-600 flex items-center justify-center"><i class="fas fa-chart-line text-white text-xl"></i></div></div><div><h3 class="text-xl font-bold text-blue-700 mb-2">成長=善の神話を疑う</h3><p class="text-lg text-gray-700">「永久に成長し続けるのはがん細胞だけ」と永久的成長の概念を否定。成長は一時的なものであり、規模拡大や数字を自己目的化することへの危険性を指摘しています。</p></div></div><div class="flex items-start"><div class="mr-6 mt-1"><div class="w-12 h-12 rounded-full bg-yellow-500 flex items-center justify-center"><i class="fas fa-exclamation-triangle text-white text-xl"></i></div></div><div><h3 class="text-xl font-bold text-blue-700 mb-2">規模拡大の副作用</h3><p class="text-lg text-gray-700">過度な成長による弊害として、統制回帰、過剰な設備投資や買収、企業文化の崩壊、競争力の喪失などを挙げ、拡大至上主義への警告を発しています。</p></div></div><div class="flex items-start"><div class="mr-6 mt-1"><div class="w-12 h-12 rounded-full bg-green-600 flex items-center justify-center"><i class="fas fa-search-dollar text-white text-xl"></i></div></div><div><h3 class="text-xl font-bold text-blue-700 mb-2">新評価軸: 多面的な信頼指標</h3><p class="text-lg text-gray-700">会社の善し悪しを測る新しい指標として、株主・社員・顧客・供給者・社会の信頼度を重視。社員や外部関係者への匿名アンケートを実施し、その結果を公開しています。</p></div></div><div class="flex items-start"><div class="mr-6 mt-1"><div class="w-12 h-12 rounded-full bg-blue-600 flex items-center justify-center"><i class="fas fa-handshake text-white text-xl"></i></div></div><div><h3 class="text-xl font-bold text-blue-700 mb-2">倫理: 賄賂・リベート断固拒否</h3><p class="text-lg text-gray-700">ブラジル石油業界での賄賂要求に対し、毅然とした態度で拒否。契約を失っても倫理的行動を貫き、必要に応じて証拠も提供するという姿勢を示しています。</p></div></div><div class="flex items-start"><div class="mr-6 mt-1"><div class="w-12 h-12 rounded-full bg-purple-600 flex items-center justify-center"><i class="fas fa-store text-white text-xl"></i></div></div><div><h3 class="text-xl font-bold text-blue-700 mb-2">適正規模・長期安定という選択肢</h3><p class="text-lg text-gray-700">老舗企業の例を挙げ、必ずしも規模を拡大せず事業領域を絞ることで長期存続が可能であり、これも正当な選択肢であることを主張しています。</p></div></div></div></div></div></div>	<div><p data-source-line="1-1">私は第9スライドのコードを作成します。これは第5章 "Wednesday（水曜日）"「成長神話への挑戦」の要約です。テンプレートは「章ダイジェスト（箇条書き）」を使います。</p><p data-source-line="3-3">テンプレートのデザインを分析すると:</p><ol data-source-line="4-10"><li data-source-line="4-4">ヘッダーに章タイトルを表示</li><li data-source-line="5-5">上部に簡単な概要文（青い背景のボックス）</li><li data-source-line="6-10">その下に主要なポイントを箇条書きでアイコン付きで表示<ul data-source-line="7-10"><li data-source-line="7-7">各項目はアイコン（円の中）と見出し、説明文で構成</li><li data-source-line="8-8">アイコンはFontAwesomeを使用</li><li data-source-line="9-10">見出しは青、説明文は灰色</li></ul></li></ol><p data-source-line="11-11">第5章の主なポイント（PDFの分析より）:</p><ul data-source-line="12-17"><li data-source-line="12-12">成長神話への批判：「無限成長はがん細胞だけ」</li><li data-source-line="13-13">成長至上主義への疑問・危険性</li><li data-source-line="14-14">新しい企業評価軸の必要性（株主・社員・顧客・供給者・社会の信頼）</li><li data-source-line="15-15">企業倫理：賄賂・リベート拒否の姿勢</li><li data-source-line="16-17">適正規模と長期安定という選択肢</li></ul><p data-source-line="18-18">これらの内容をテンプレートのレイアウトとスタイルに合わせつつ、第9スライドを作成します。</p></div>
第6章 Thursday: 情報公開と信頼		<div class="flex flex-col w-[1280px] min-h-[720px] bg-gradient-to-br from-blue-50 to-white" style="font-family: 'Noto Sans JP', sans-serif;"><header class="bg-blue-700 py-4 px-8"><h1 class="text-3xl font-bold text-white">第6章 Thursday: 情報公開と信頼</h1></header><div class="flex flex-1 p-8"><div class="w-full"><div class="bg-blue-50 rounded-lg p-6 mb-8"><div class="flex items-center mb-4"><i class="fas fa-shield-alt text-orange-500 text-3xl mr-4"></i><p class="text-xl text-gray-700">木曜日 - 情報の共有と信頼関係を基盤とした組織文化の構築</p></div></div><div class="grid grid-cols-1 gap-6"><div class="flex items-start"><div class="mr-6 mt-1"><div class="w-12 h-12 rounded-full bg-green-600 flex items-center justify-center"><i class="fas fa-heart text-white text-xl"></i></div></div><div><h3 class="text-xl font-bold text-blue-700 mb-2">ミッション/クレド掲示より、日々の行動で価値観を醸成</h3><p class="text-lg text-gray-700">「真の価値観は、地に足のついた状態から生まれます。組織においては、コントロールをやめることで、自然に価値観が生まれます。」形式的な理念掲示よりも、実際の経営行動と信頼関係が本質的価値観を育みます。</p></div></div><div class="flex items-start"><div class="mr-6 mt-1"><div class="w-12 h-12 rounded-full bg-red-500 flex items-center justify-center"><i class="fas fa-eye-slash text-white text-xl"></i></div></div><div><h3 class="text-xl font-bold text-blue-700 mb-2">監視・監査の過剰は信頼を破壊→最小限に</h3><p class="text-lg text-gray-700">「監査は、企業が一貫性を保つために行います。…人は悪意を働くことを前提とした行為であり、それは即ち社員を信頼していない証拠です。」過度の監視ではなく、信頼を基盤とした体制を維持します。</p></div></div><div class="flex items-start"><div class="mr-6 mt-1"><div class="w-12 h-12 rounded-full bg-blue-600 flex items-center justify-center"><i class="fas fa-chart-pie text-white text-xl"></i></div></div><div><h3 class="text-xl font-bold text-blue-700 mb-2">会計含む情報を全社オープン、社員に会計教育</h3><p class="text-lg text-gray-700">「情報の秘匿によって不正な権力が生まれる可能性を排除するには、情報は常に誰にでも開示され共有されなければなりません。」会計報告も全社員に毎月公開し、バランスシートの読み方や会計データの意味も教育しています。</p></div></div><div class="flex items-start"><div class="mr-6 mt-1"><div class="w-12 h-12 rounded-full bg-purple-600 flex items-center justify-center"><i class="fas fa-comments text-white text-xl"></i></div></div><div><h3 class="text-xl font-bold text-blue-700 mb-2">民主的合意形成: 異論・議論を重視</h3><p class="text-lg text-gray-700">「議論を通して定められた決定事項は、既に説明や代替案の検討、反対意見・疑問点を検討しているのだから、導入が迅速に成される…民主体制では異議を唱え、議論を戦わせることが必要です。」</p></div></div><div class="flex items-start"><div class="mr-6 mt-1"><div class="w-12 h-12 rounded-full bg-yellow-500 flex items-center justify-center"><i class="fas fa-handshake text-white text-xl"></i></div></div><div><h3 class="text-xl font-bold text-blue-700 mb-2">例外的な不正があっても"信頼ベース"を崩さない</h3><p class="text-lg text-gray-700">社員を信頼することのリスクがあっても、管理体制の強化には進まず、「人を信じ、ありのままでいる」ことを貫いています。例：米国人マネージャーの不正時も信頼ベースの体制を維持し、名誉を守る配慮を行いました。</p></div></div></div></div></div></div>	<div><p data-source-line="1-1">ページ10は、第6章 Thursday「情報公開と信頼」の要約を作成するスライドです。この章では、情報オープン化、民主的合意形成、監視最小化などがテーマです。</p><p data-source-line="3-3">私は提供されたテンプレート（第1章のスライド）を参考にして、同じスタイルでページ10を作成します。</p><p data-source-line="5-5">テンプレートを分析すると：</p><ol data-source-line="6-9"><li data-source-line="6-6">ヘッダー：青い背景に白いテキストでタイトルを表示</li><li data-source-line="7-7">サブヘッダー：青い薄い背景に黄色いアイコンと章の説明文</li><li data-source-line="8-9">本文：各ポイントがアイコン付きで表示され、見出しと説明文の構成</li></ol><p data-source-line="10-10">第6章の内容に合わせて、以下のポイントをまとめます：</p><ol data-source-line="11-16"><li data-source-line="11-11">ミッション/クレド掲示より、日々の行動で価値観を醸成</li><li data-source-line="12-12">監視・監査の過剰は信頼を破壊→最小限に</li><li data-source-line="13-13">会計を含む情報を全社オープン、社員に会計教育</li><li data-source-line="14-14">民主的合意形成：異論・議論を重視し導入を迅速化</li><li data-source-line="15-16">例外的な不正があっても"信頼ベース"を崩さない</li></ol><p data-source-line="17-17">これらのポイントに関連するアイコンを選び、テンプレートのスタイルを維持しながらコンテンツを作成します。</p></div>
第7章 Friday: 多様性と自己管理		<div class="flex flex-col w-[1280px] min-h-[720px] bg-gradient-to-br from-blue-50 to-white" style="font-family: 'Noto Sans JP', sans-serif;"><header class="bg-blue-700 py-4 px-8"><h1 class="text-3xl font-bold text-white">第7章 Friday: 多様性と自己管理</h1></header><div class="flex flex-1 p-8"><div class="w-full"><div class="bg-blue-50 rounded-lg p-6 mb-8"><div class="flex items-center mb-4"><i class="fas fa-compass text-purple-500 text-3xl mr-4"></i><p class="text-xl text-gray-700">金曜日 - 多様性を受容し、自律性と透明性を重視した組織づくり</p></div></div><div class="grid grid-cols-1 gap-6"><div class="flex items-start"><div class="mr-6 mt-1"><div class="w-12 h-12 rounded-full bg-blue-600 flex items-center justify-center"><i class="fas fa-users-cog text-white text-xl"></i></div></div><div><h3 class="text-xl font-bold text-blue-700 mb-2">画一性のリスクと多様性の価値</h3><p class="text-lg text-gray-700">「画一性は、会社にとって危険なもの」。同質のMBA取得者ばかりの企業や固定観念に縛られた組織のリスクを指摘し、多様なバックグラウンドを持つ人材を積極的に受け入れます。</p></div></div><div class="flex items-start"><div class="mr-6 mt-1"><div class="w-12 h-12 rounded-full bg-purple-600 flex items-center justify-center"><i class="fas fa-user-check text-white text-xl"></i></div></div><div><h3 class="text-xl font-bold text-blue-700 mb-2">採用は現場主導の多面評価プロセス</h3><p class="text-lg text-gray-700">面接には全部門から集まった約4名の社員が参加し、現場メンバーとの相性を重視。最終決定は現場の面接官の合議に基づき、経営陣の意向を押し付けない透明性の高い採用を実践しています。</p></div></div><div class="flex items-start"><div class="mr-6 mt-1"><div class="w-12 h-12 rounded-full bg-green-600 flex items-center justify-center"><i class="fas fa-project-diagram text-white text-xl"></i></div></div><div><h3 class="text-xl font-bold text-blue-700 mb-2">6〜10人の小集団による自己管理</h3><p class="text-lg text-gray-700">「セムコ社の部門は、常にメンバーがお互いを理解し、全体を把握できるサイズで構成」。小集団ごとに責任と決定権を持ち、グループ内で議論を完結させる体制を整えています。</p></div></div><div class="flex items-start"><div class="mr-6 mt-1"><div class="w-12 h-12 rounded-full bg-orange-500 flex items-center justify-center"><i class="fas fa-vote-yea text-white text-xl"></i></div></div><div><h3 class="text-xl font-bold text-blue-700 mb-2">危機時の全員参加型意思決定</h3><p class="text-lg text-gray-700">ブラジル経済危機の際は、全社員がカフェテリアに集まって議論し、投票で工場閉鎖を決定。労働組合と経営サイド双方の承認を得るプロセスを重視しています。</p></div></div><div class="flex items-start"><div class="mr-6 mt-1"><div class="w-12 h-12 rounded-full bg-red-500 flex items-center justify-center"><i class="fas fa-shield-alt text-white text-xl"></i></div></div><div><h3 class="text-xl font-bold text-blue-700 mb-2">信頼を基盤とした運営</h3><p class="text-lg text-gray-700">盗難事件などのトラブルでも、監視カメラ設置ではなく社員による投票と信頼を重視。「社員による自己管理を徹底し、必要最小限のコントロールで運営」する文化を大切にしています。</p></div></div></div></div></div></div>	<div><p data-source-line="1-1">I need to create a slide for page 11 which is about Chapter 7 "Friday" focusing on diversity and self-management. I'll follow the template style from the example provided for consistency while adapting the content to match the requirements.</p><p data-source-line="3-3">From the outline, this slide should include content about:</p><ul data-source-line="4-7"><li data-source-line="4-4">Diversity emphasis</li><li data-source-line="5-5">Recruitment process</li><li data-source-line="6-7">Small group operations</li></ul><p data-source-line="8-8">I'll structure it similar to the Chapter 1 slide with:</p><ul data-source-line="9-12"><li data-source-line="9-9">A header with chapter title</li><li data-source-line="10-10">A brief description of the chapter theme</li><li data-source-line="11-12">Bullet points with icons for key concepts</li></ul><p data-source-line="13-13">Let me create the HTML for this slide:</p></div>
第8章 Saturday: 自主性と給与自己決定		<div class="flex flex-col w-[1280px] min-h-[720px] bg-gradient-to-br from-blue-50 to-white" style="font-family: 'Noto Sans JP', sans-serif;"><header class="bg-blue-700 py-4 px-8"><h1 class="text-3xl font-bold text-white">第8章 Saturday: 自主性と給与自己決定</h1></header><div class="flex flex-1 p-8"><div class="w-full"><div class="bg-blue-50 rounded-lg p-6 mb-8"><div class="flex items-center mb-4"><i class="fas fa-calendar-day text-yellow-500 text-3xl mr-4"></i><p class="text-xl text-gray-700">土曜日 - 自律的な組織運営と役職や権限の再定義</p></div></div><div class="grid grid-cols-1 gap-6"><div class="flex items-start"><div class="mr-6 mt-1"><div class="w-12 h-12 rounded-full bg-blue-600 flex items-center justify-center"><i class="fas fa-users-cog text-white text-xl"></i></div></div><div><h3 class="text-xl font-bold text-blue-700 mb-2">会議は全社招待だが完全自由参加</h3><p class="text-lg text-gray-700">「セムコ社では、誰にもミーティングに出席するよう強制しません」。参加具合がその企画への賛否を示し、無関心な企画やポジションは自然と消滅する仕組みになっています。</p></div></div><div class="flex items-start"><div class="mr-6 mt-1"><div class="w-12 h-12 rounded-full bg-purple-600 flex items-center justify-center"><i class="fas fa-user-friends text-white text-xl"></i></div></div><div><h3 class="text-xl font-bold text-blue-700 mb-2">正社員絶対主義を疑問視</h3><p class="text-lg text-gray-700">「会社で働く人全員が、はたして正社員である必要があるのか」と問いかけ、多様な契約形態や雇用関係を採用。事業価値を生み出せる人材であれば、働き方の形式にはこだわらない柔軟な姿勢を示しています。</p></div></div><div class="flex items-start"><div class="mr-6 mt-1"><div class="w-12 h-12 rounded-full bg-green-600 flex items-center justify-center"><i class="fas fa-money-bill-wave text-white text-xl"></i></div></div><div><h3 class="text-xl font-bold text-blue-700 mb-2">給与自己決定と複線報酬制度</h3><p class="text-lg text-gray-700">「彼らは妥当な給与額を判断することができます」。社員が自ら給与を決定する制度を導入し、固定給のほか、成果連動・利益分配・ストックオプションなど複数の報酬形態から選択できるようにしています。</p></div></div><div class="flex items-start"><div class="mr-6 mt-1"><div class="w-12 h-12 rounded-full bg-orange-500 flex items-center justify-center"><i class="fas fa-crown text-white text-xl"></i></div></div><div><h3 class="text-xl font-bold text-blue-700 mb-2">リーダーシップの再定義</h3><p class="text-lg text-gray-700">「真のリーダーシップとは会社の中のすべてのことを一から見直すように促すこと」。カリスマ経営者への過度な依存や"英雄待望"の集団心理を危険視し、促進役・触媒としてのリーダー像を提唱しています。</p></div></div><div class="flex items-start"><div class="mr-6 mt-1"><div class="w-12 h-12 rounded-full bg-red-500 flex items-center justify-center"><i class="fas fa-id-card text-white text-xl"></i></div></div><div><h3 class="text-xl font-bold text-blue-700 mb-2">肩書きより「何をするか」を重視</h3><p class="text-lg text-gray-700">「セムコ社では、社員に好きなように名刺をつくらせています」。肩書きや特権（専用室、駐車場など）を否定し、実際の貢献や役割こそが価値であると考え、階層や序列より機能を優先しています。</p></div></div></div></div></div></div>	<div><p data-source-line="1-1">Let me create slide 12 using the chapter_digest template structure. This slide is about the 8th chapter, "Saturday", focusing on self-determination and self-management themes.</p><p data-source-line="3-3">From the requirements, I need to cover:</p><ol data-source-line="4-8"><li data-source-line="4-4">Meeting voluntary participation</li><li data-source-line="5-5">Self-determined salary system</li><li data-source-line="6-6">Redefinition of leadership</li><li data-source-line="7-8">Other key points from the chapter</li></ol><p data-source-line="9-9">I'll use the same structure and styling as the template but adapt the content specifically for chapter 8.</p></div>
第9章 Everyday: 直観とセレンディピティ		<div class="flex flex-col w-[1280px] min-h-[720px] bg-gradient-to-br from-blue-50 to-white" style="font-family: 'Noto Sans JP', sans-serif;"><header class="bg-blue-700 py-4 px-8"><h1 class="text-3xl font-bold text-white">第9章 Everyday: 直観とセレンディピティ</h1></header><div class="flex flex-1 p-8"><div class="w-full"><div class="bg-blue-50 rounded-lg p-6 mb-8"><div class="flex items-center mb-4"><i class="fas fa-calendar-alt text-indigo-500 text-3xl mr-4"></i><p class="text-xl text-gray-700">毎日 - 直観と偶然の発見を大切にし、常識に捉われない変革の実践</p></div></div><div class="grid grid-cols-1 gap-6"><div class="flex items-start"><div class="mr-6 mt-1"><div class="w-12 h-12 rounded-full bg-red-500 flex items-center justify-center"><i class="fas fa-bolt text-white text-xl"></i></div></div><div><h3 class="text-xl font-bold text-blue-700 mb-2">許可を願うより許しを請え</h3><p class="text-lg text-gray-700">現場の即断・即応を奨励し、危機時には判断を待つよりも行動を優先。ウイルス感染時にエンジニアがサーバーを即座に遮断した事例など、結果責任を取る覚悟と合わせた現場判断を重視します。</p></div></div><div class="flex items-start"><div class="mr-6 mt-1"><div class="w-12 h-12 rounded-full bg-blue-600 flex items-center justify-center"><i class="fas fa-lightbulb text-white text-xl"></i></div></div><div><h3 class="text-xl font-bold text-blue-700 mb-2">直観×データの融合</h3><p class="text-lg text-gray-700">「本章でわたしがお伝えしたいテーマは『常に直観にしたがって行動する』こと」。数字や計画は直観を補強する材料であり、学者・数値予測・中期計画より社員の直観とチームの知恵を重視します。</p></div></div><div class="flex items-start"><div class="mr-6 mt-1"><div class="w-12 h-12 rounded-full bg-green-600 flex items-center justify-center"><i class="fas fa-vote-yea text-white text-xl"></i></div></div><div><h3 class="text-xl font-bold text-blue-700 mb-2">Go/No Goミーティングと全員投票</h3><p class="text-lg text-gray-700">新製品や新規事業提案は社員全員で討議・投票。トップのアイデア（自作の食洗機案など）でも、支持がなければ実施しない。変わり者や奇抜なアイデアも歓迎するが、組織の納得感を最重視します。</p></div></div><div class="flex items-start"><div class="mr-6 mt-1"><div class="w-12 h-12 rounded-full bg-orange-500 flex items-center justify-center"><i class="fas fa-exclamation-circle text-white text-xl"></i></div></div><div><h3 class="text-xl font-bold text-blue-700 mb-2">常識への挑戦と根本からの再設計</h3><p class="text-lg text-gray-700">既存の常識や慣習（車や航空機の例）、見かけだけのイノベーションを批判。数字だけの変更や計画は意味がなく、産業構造自体の変革がなければ真の変化は起きないと指摘しています。</p></div></div><div class="flex items-start"><div class="mr-6 mt-1"><div class="w-12 h-12 rounded-full bg-purple-600 flex items-center justify-center"><i class="fas fa-sync-alt text-white text-xl"></i></div></div><div><h3 class="text-xl font-bold text-blue-700 mb-2">転がる石のように変わり続ける</h3><p class="text-lg text-gray-700">「転がる石にはコケが生えない」という哲学で、常に変化し続ける組織を目指します。管理・命令型の伝統から脱却し、社員の智恵と自由で自律的な経営により、持続的に進化する組織を構築しています。</p></div></div></div></div></div></div>	<div><p data-source-line="1-1">私はページ13を作成する必要があります。このページは「第9章 Everyday「直観とセレンディピティ」の要約」というタイトルで、chapter_digestテンプレートを使用します。</p><p data-source-line="3-3">テンプレートの構造を見ると、以下の要素があります：</p><ol data-source-line="4-7"><li data-source-line="4-4">ヘッダー部分（青い背景）にタイトル</li><li data-source-line="5-5">上部に章の概要（青い背景の丸角ボックス）</li><li data-source-line="6-7">その下に複数のポイントを箇条書きで表示（アイコン付き）</li></ol><p data-source-line="8-8">第9章の内容の要点は：</p><ol data-source-line="9-14"><li data-source-line="9-9">「許可を願うより許しを請え」というフレーズで現場判断・即応を重視</li><li data-source-line="10-10">直観とデータの組み合わせ（数字は直観を補強する材料として使用）</li><li data-source-line="11-11">Go/No Goミーティングによる全社員参加型の意思決定</li><li data-source-line="12-12">常識や形式的変化への疑問と根本からの再設計</li><li data-source-line="13-14">「転がる石」のように変わり続ける組織づくり</li></ol><p data-source-line="15-15">これらの要点をテンプレートに沿って整理して作成します。</p></div>
セムコの制度まとめ（1）		<div class="flex flex-col w-[1280px] min-h-[720px] bg-gradient-to-br from-blue-50 to-white" style="font-family: 'Noto Sans JP', sans-serif;"><header class="bg-blue-700 py-4 px-8"><h1 class="text-3xl font-bold text-white">セムコの制度まとめ（1）</h1></header><div class="flex flex-1 p-8"><!-- 左側：働き方 --><div class="flex-1 pr-6 border-r border-gray-200"><div class="mb-8"><h2 class="text-2xl font-bold text-blue-700 mb-4 flex items-center"><i class="fas fa-clock mr-3"></i>働き方の革新</h2><div class="bg-blue-50 rounded-lg p-5 mb-4"><ul class="space-y-3"><li class="flex items-start"><i class="fas fa-calendar-alt text-blue-500 mt-1 mr-3"></i><div><p class="text-lg font-bold text-gray-800">フレックスタイム/勤務場所の自由化</p><p class="text-base text-gray-700">社員が勤務時間・場所を完全自己決定。在宅/サテライト勤務を常態化し、製造ラインにも適用</p></div></li><li class="flex items-start"><i class="fas fa-random text-blue-500 mt-1 mr-3"></i><div><p class="text-lg font-bold text-gray-800">ジョブローテーション/自由異動</p><p class="text-base text-gray-700">社員が興味と能力に応じて部署間を自由移動。多様な経験による視野拡大と相互理解を促進</p></div></li><li class="flex items-start"><i class="fas fa-bullhorn text-blue-500 mt-1 mr-3"></i><div><p class="text-lg font-bold text-gray-800">社内公募制度</p><p class="text-base text-gray-700">全ポジションを社内公開。社内からの応募者を優先し、異業種経験者も積極採用</p></div></li></ul></div><h2 class="text-2xl font-bold text-blue-700 mb-4 flex items-center"><i class="fas fa-users-cog mr-3"></i>自己管理と小集団活動</h2><ul class="space-y-3"><li class="flex items-start"><i class="fas fa-user-check text-green-600 mt-1 mr-3"></i><div><p class="text-lg font-bold text-gray-800">自己管理型組織</p><p class="text-base text-gray-700">社員の自主性・責任感を尊重。管理ではなく成果と価値創造を重視</p></div></li><li class="flex items-start"><i class="fas fa-object-group text-green-600 mt-1 mr-3"></i><div><p class="text-lg font-bold text-gray-800">小集団（6〜10人）運営</p><p class="text-base text-gray-700">少人数チームでP/L責任と意思決定権を持ち、自律的に事業運営</p></div></li></ul></div></div><!-- 右側：統治と情報 --><div class="flex-1 pl-6"><div class="mb-8"><h2 class="text-2xl font-bold text-blue-700 mb-4 flex items-center"><i class="fas fa-balance-scale mr-3"></i>民主的統治システム</h2><div class="bg-green-50 rounded-lg p-5 mb-4"><ul class="space-y-3"><li class="flex items-start"><i class="fas fa-vote-yea text-green-600 mt-1 mr-3"></i><div><p class="text-lg font-bold text-gray-800">評議員制度</p><p class="text-base text-gray-700">117人の社員代表が経営陣の判断を監視。会社の原則・価値観からの逸脱防止</p></div></li><li class="flex items-start"><i class="fas fa-exchange-alt text-green-600 mt-1 mr-3"></i><div><p class="text-lg font-bold text-gray-800">リバース・エバリュエーション</p><p class="text-base text-gray-700">部下が上司を評価する制度。360度評価で権限の偏りを是正</p></div></li><li class="flex items-start"><i class="fas fa-tasks text-green-600 mt-1 mr-3"></i><div><p class="text-lg font-bold text-gray-800">Go/No Goミーティング</p><p class="text-base text-gray-700">新規事業・提案を全社員で討議・投票。トップ案も否決の可能性</p></div></li></ul></div><h2 class="text-2xl font-bold text-blue-700 mb-4 flex items-center"><i class="fas fa-book-open mr-3"></i>情報のオープン化</h2><ul class="space-y-3"><li class="flex items-start"><i class="fas fa-chart-pie text-purple-500 mt-1 mr-3"></i><div><p class="text-lg font-bold text-gray-800">オープンブック経営</p><p class="text-base text-gray-700">会計・財務情報を全社員に公開。経営判断の透明化と社員教育</p></div></li><li class="flex items-start"><i class="fas fa-comments text-purple-500 mt-1 mr-3"></i><div><p class="text-lg font-bold text-gray-800">全員参加会議</p><p class="text-base text-gray-700">誰でも参加自由の完全オープン会議。興味がなければ退席自由</p></div></li></ul></div><div class="bg-yellow-50 rounded-lg p-5 mt-auto"><h2 class="text-xl font-bold text-blue-700 mb-2 flex items-center"><i class="fas fa-lightbulb mr-2 text-yellow-500"></i>効果</h2><p class="text-lg text-gray-700">離職率1%以下、生産性向上、社員満足度上昇、イノベーション創出を実現</p></div></div></div></div>	<div><p data-source-line="1-1">私はページ14を作成する必要があります。タスク説明に基づき「セムコ社の制度まとめ（1）- 働き方・統治に関する制度」について整理します。</p><p data-source-line="3-3">テンプレートは「feature_two_col」（2カラムレイアウト）を使用しますが、セムコ社の制度についてわかりやすく整理する必要があります。既存のページ4のデザインスタイルを参考にしながら、一貫性を保ちつつ内容を充実させます。</p><p data-source-line="5-5">セムコ社の働き方と統治に関する制度について、PDFの分析から以下の点を含める必要があります：</p><ol data-source-line="7-12"><li data-source-line="7-7">フレックスタイム/在宅/サテライトの常態化</li><li data-source-line="8-8">情報オープンブック（会計含む）と全員参加会議</li><li data-source-line="9-9">評議員制度とリバース評価で権限の偏りを是正</li><li data-source-line="10-10">ジョブローテーション/自由異動/社内公募</li><li data-source-line="11-12">小集団（6〜10人）でP/L責任と意思決定を分散</li></ol><p data-source-line="13-14">これらを2カラム構造で効果的に提示し、アイコンや視覚要素を使って理解しやすく整理します。左カラムには「働き方関連の制度」、右カラムには「統治関連の制度」を配置するのが良いでしょう。</p><p data-source-line="16-16">既存のテンプレートのスタイルを維持しながら、この内容に合わせてHTMLを修正します。</p></div>
セムコの制度まとめ（2）		<div class="flex flex-col w-[1280px] min-h-[720px] bg-gradient-to-br from-blue-50 to-white" style="font-family: 'Noto Sans JP', sans-serif;"><header class="bg-blue-700 py-4 px-8"><h1 class="text-3xl font-bold text-white">セムコの制度まとめ（2）</h1></header><div class="flex flex-1 p-8"><!-- 左側：報酬制度 --><div class="flex-1 pr-6 border-r border-gray-200"><div class="mb-8"><h2 class="text-2xl font-bold text-blue-700 mb-4 flex items-center"><i class="fas fa-money-bill-wave mr-3"></i>報酬制度</h2><div class="bg-green-50 rounded-lg p-5 mb-4"><ul class="space-y-3"><li class="flex items-start"><i class="fas fa-sliders-h text-green-600 mt-1 mr-3"></i><p class="text-lg text-gray-700"><span class="font-bold">給与自己決定制度：</span> 社員が自分の市場価値や会社への貢献に基づいて自分の給与を決定</p></li><li class="flex items-start"><i class="fas fa-random text-green-600 mt-1 mr-3"></i><p class="text-lg text-gray-700"><span class="font-bold">複数報酬オプション：</span> 固定給・成果連動・ストックオプションなど選択可能</p></li><li class="flex items-start"><i class="fas fa-chart-pie text-green-600 mt-1 mr-3"></i><p class="text-lg text-gray-700"><span class="font-bold">利益分配制度：</span> 社員が部門の利益にコミットし、成果の一部を受け取る仕組み</p></li><li class="flex items-start"><i class="fas fa-exchange-alt text-green-600 mt-1 mr-3"></i><p class="text-lg text-gray-700"><span class="font-bold">変動型給与(Up&amp;Down Pay)：</span> ライフステージに応じて給与比率を変更可能</p></li></ul></div><h2 class="text-2xl font-bold text-blue-700 mb-4 flex items-center"><i class="fas fa-user-check mr-3"></i>採用プロセス</h2><ul class="space-y-3"><li class="flex items-start"><i class="fas fa-users-cog text-purple-500 mt-1 mr-3"></i><p class="text-lg text-gray-700">多面面接：全部門からの面接官と現場社員による評価</p></li><li class="flex items-start"><i class="fas fa-vote-yea text-purple-500 mt-1 mr-3"></i><p class="text-lg text-gray-700">現場合議制：経営陣の押し付けなく、現場の合意で採用</p></li><li class="flex items-start"><i class="fas fa-handshake text-purple-500 mt-1 mr-3"></i><p class="text-lg text-gray-700">相性重視：専門性だけでなく、チームとの相性を重視</p></li></ul></div></div><!-- 右側：育成・ライフ制度 --><div class="flex-1 pl-6"><div class="mb-8"><h2 class="text-2xl font-bold text-blue-700 mb-4 flex items-center"><i class="fas fa-umbrella-beach mr-3"></i>ライフサイクル支援</h2><div class="bg-orange-50 rounded-lg p-5 mb-4"><ul class="space-y-3"><li class="flex items-start"><i class="fas fa-hourglass-half text-orange-500 mt-1 mr-3"></i><p class="text-lg text-gray-700"><span class="font-bold">ちょっとだけリタイア・プログラム：</span> 短期間の休職・充電期間を認める制度</p></li><li class="flex items-start"><i class="fas fa-pause-circle text-orange-500 mt-1 mr-3"></i><p class="text-lg text-gray-700"><span class="font-bold">ワーク&amp;ストップ・プログラム：</span> 最長3年の休職が可能、復帰保証制度</p></li><li class="flex items-start"><i class="fas fa-calendar-alt text-orange-500 mt-1 mr-3"></i><p class="text-lg text-gray-700"><span class="font-bold">フレキシブルな有給休暇：</span> 積立や引き出しが自由、使用期限なし</p></li></ul></div><h2 class="text-2xl font-bold text-blue-700 mb-4 flex items-center"><i class="fas fa-graduation-cap mr-3"></i>育成・教育制度</h2><ul class="space-y-3"><li class="flex items-start"><i class="fas fa-piggy-bank text-blue-500 mt-1 mr-3"></i><p class="text-lg text-gray-700"><span class="font-bold">教育費用積立：</span> 給与の1-3%を教育目的に積立可能</p></li><li class="flex items-start"><i class="fas fa-chalkboard-teacher text-blue-500 mt-1 mr-3"></i><p class="text-lg text-gray-700"><span class="font-bold">自主選択型学習：</span> 本人の希望に基づく教育プログラム選択</p></li></ul></div><div class="bg-red-50 rounded-lg p-5 mt-auto"><h2 class="text-xl font-bold text-blue-700 mb-2 flex items-center"><i class="fas fa-balance-scale mr-2 text-red-500"></i>倫理・社会的責任</h2><ul class="space-y-2"><li class="flex items-start"><i class="fas fa-ban text-red-500 mt-1 mr-3"></i><p class="text-lg text-gray-700">賄賂・リベートの徹底拒否</p></li><li class="flex items-start"><i class="fas fa-poll text-red-500 mt-1 mr-3"></i><p class="text-lg text-gray-700">社会・利害関係者からの信頼度を重視する指標</p></li></ul></div></div></div></div>	<div><p data-source-line="1-1">私の目標はページ15、「セムコ社の制度まとめ（2）」を作成することです。このスライドは報酬・育成・ライフに関する制度について整理することが求められています。</p><p data-source-line="3-3">ページ4のデザインテンプレート「feature_two_col」を参考にしながら、同じデザインスタイルを維持しつつ、内容に合わせて適切に修正します。</p><p data-source-line="5-5">テンプレートから理解できる主要なスタイル要素:</p><ol data-source-line="6-11"><li data-source-line="6-6">青いヘッダーバー</li><li data-source-line="7-7">2カラムレイアウト (左右に分かれた情報)</li><li data-source-line="8-8">セクションタイトルにはアイコンを使用</li><li data-source-line="9-9">色分けされた背景のボックスを使用して情報をグループ化</li><li data-source-line="10-11">リストアイテムにはアイコンを付加</li></ol><p data-source-line="12-12">ページ15の内容は以下を含める必要があります:</p><ul data-source-line="13-23"><li data-source-line="13-23">報酬・育成・ライフに関する制度<ul data-source-line="14-23"><li data-source-line="14-14">給与自己決定制度</li><li data-source-line="15-15">複数報酬オプション</li><li data-source-line="16-16">利益分配制度</li><li data-source-line="17-17">ちょっとだけリタイアプログラム</li><li data-source-line="18-18">ワーク&amp;ストッププログラム</li><li data-source-line="19-19">変動型給与</li><li data-source-line="20-20">教育積立と本人選択の学習</li><li data-source-line="21-21">採用プロセス</li><li data-source-line="22-23">倫理と社会的責任</li></ul></li></ul><p data-source-line="24-24">これをテンプレートに沿って2カラムに分けて表示します:</p><ul data-source-line="25-27"><li data-source-line="25-25">左側: 報酬関連の制度（給与自己決定、複数報酬、利益分配）</li><li data-source-line="26-27">右側: 育成・ライフ関連の制度（リタイアプログラム、教育制度、採用、倫理）</li></ul><p data-source-line="28-28">では、HTMLを作成していきます。</p></div>
経営哲学の核心		<div class="flex flex-col w-[1280px] min-h-[720px] bg-gradient-to-br from-blue-50 to-white" style="font-family: 'Noto Sans JP', sans-serif;"><header class="bg-blue-700 py-4 px-8"><h1 class="text-3xl font-bold text-white">経営哲学の核心</h1></header><div class="flex flex-1 p-8"><div class="w-full"><div class="bg-blue-50 rounded-lg p-6 mb-8"><div class="flex items-center mb-4"><i class="fas fa-lightbulb text-yellow-500 text-3xl mr-4"></i><p class="text-xl text-gray-700">セムコ社の経営哲学を支える5つの柱</p></div></div><div class="grid grid-cols-1 gap-6"><div class="flex items-start"><div class="mr-6 mt-1"><div class="w-12 h-12 rounded-full bg-blue-600 flex items-center justify-center"><i class="fas fa-handshake text-white text-xl"></i></div></div><div><h3 class="text-xl font-bold text-blue-700 mb-2">会社は人のためにある。仕事＝幸福の実現装置</h3><p class="text-lg text-gray-700">セムコ社では、会社の目的は「社員が人生の価値と目的に沿って生きている実感を得ること」であり、仕事は幸福と自己実現の場であるという哲学を基盤としています。</p></div></div><div class="flex items-start"><div class="mr-6 mt-1"><div class="w-12 h-12 rounded-full bg-purple-600 flex items-center justify-center"><i class="fas fa-user-shield text-white text-xl"></i></div></div><div><h3 class="text-xl font-bold text-blue-700 mb-2">管理より信頼、統制より自律、命令より対話</h3><p class="text-lg text-gray-700">従来の指揮統制型組織から脱し、社員への全幅の信頼と自律性を重んじる組織づくり。情報のオープン化と民主的な意思決定が相互信頼を生み出しています。</p></div></div><div class="flex items-start"><div class="mr-6 mt-1"><div class="w-12 h-12 rounded-full bg-green-600 flex items-center justify-center"><i class="fas fa-question-circle text-white text-xl"></i></div></div><div><h3 class="text-xl font-bold text-blue-700 mb-2">「なぜ？」を連続で問い、惰性を壊す</h3><p class="text-lg text-gray-700">同じことに対して最低3回は「なぜ？」と問い続けることで、組織の固定観念や惰性を打破。常に問いを持ち、既存のやり方に疑問を投げかける文化が革新を生み出しています。</p></div></div><div class="flex items-start"><div class="mr-6 mt-1"><div class="w-12 h-12 rounded-full bg-orange-500 flex items-center justify-center"><i class="fas fa-chart-bar text-white text-xl"></i></div></div><div><h3 class="text-xl font-bold text-blue-700 mb-2">数字だけで経営しない。倫理・信頼・直観を重視</h3><p class="text-lg text-gray-700">利益や数値は手段であって目的ではない。企業倫理を貫き、賄賂を拒否し、直観や人間性を大切にした意思決定を行います。データは直観を裏付けるために使用するという哲学です。</p></div></div><div class="flex items-start"><div class="mr-6 mt-1"><div class="w-12 h-12 rounded-full bg-red-500 flex items-center justify-center"><i class="fas fa-arrows-alt text-white text-xl"></i></div></div><div><h3 class="text-xl font-bold text-blue-700 mb-2">変化はボトムアップで起こる。現場の知恵が主役</h3><p class="text-lg text-gray-700">トップダウンの改革は形式的変化に過ぎません。本質的な変革は現場の当事者意識と自律性から生まれるとの考えから、権限を極限まで現場に委譲し、社員の智恵を組織の原動力としています。</p></div></div></div></div></div></div>	<div><p data-source-line="1-1">I need to create slide 16, which should focus on the core philosophy of Semco's management style. The slide should follow the template design of the "chapter_digest" master slide, which I can see from the provided template HTML.</p><p data-source-line="3-3">From the task brief, this slide should cover:</p><ul data-source-line="4-8"><li data-source-line="4-4">The core management philosophy of Semco</li><li data-source-line="5-5">Key concepts like trust, autonomy, dialogue</li><li data-source-line="6-6">The importance of asking "why?"</li><li data-source-line="7-8">Ethics-focused approach</li></ul><p data-source-line="9-9">Let me analyze the template structure:</p><ol data-source-line="10-16"><li data-source-line="10-10">It has a blue header with the title</li><li data-source-line="11-11">It has a blue box at the top with an icon and a subtitle</li><li data-source-line="12-16">It has a series of points, each with:<ul data-source-line="13-16"><li data-source-line="13-13">An icon in a colored circle</li><li data-source-line="14-14">A bold title</li><li data-source-line="15-16">A descriptive paragraph</li></ul></li></ol><p data-source-line="17-17">I'll follow this structure and create content focused on Semco's core management philosophy.</p><p data-source-line="19-19">For icons, I'll use:</p><ul data-source-line="20-25"><li data-source-line="20-20">A handshake icon for trust</li><li data-source-line="21-21">A person icon for autonomy</li><li data-source-line="22-22">A conversation icon for dialogue</li><li data-source-line="23-23">A question icon for "why?"</li><li data-source-line="24-25">An ethics/balance icon for ethics</li></ul><p data-source-line="26-26">Now, let me create the HTML code for slide 16:</p></div>
実践のポイント（訳者メッセージ）		<div class="flex flex-col w-[1280px] min-h-[720px] bg-gradient-to-br from-blue-50 to-white" style="font-family: 'Noto Sans JP', sans-serif;"><header class="bg-blue-700 py-4 px-8"><h1 class="text-3xl font-bold text-white">実践のポイント（訳者メッセージ）</h1></header><div class="flex flex-1 p-8"><div class="w-full"><div class="bg-blue-50 rounded-lg p-6 mb-8"><div class="flex items-center mb-4"><i class="fas fa-lightbulb text-yellow-500 text-3xl mr-4"></i><p class="text-xl text-gray-700">奇跡の経営を実践するための訳者からのアドバイス</p></div></div><div class="grid grid-cols-1 gap-6"><div class="flex items-start"><div class="mr-6 mt-1"><div class="w-12 h-12 rounded-full bg-blue-600 flex items-center justify-center"><i class="fas fa-building text-white text-xl"></i></div></div><div><h3 class="text-xl font-bold text-blue-700 mb-2">制度より文化。まず"行動"で信頼を示す</h3><p class="text-lg text-gray-700">「お客さまや取引先といった社外の人は、会社の発信する言葉によるメッセージではなく、日々の行動をみて判断する」。制度や規則よりも、実際の行動で信頼を示すことが最も重要です。</p></div></div><div class="flex items-start"><div class="mr-6 mt-1"><div class="w-12 h-12 rounded-full bg-green-600 flex items-center justify-center"><i class="fas fa-walking text-white text-xl"></i></div></div><div><h3 class="text-xl font-bold text-blue-700 mb-2">他人を変えようとせず、自分から始める</h3><p class="text-lg text-gray-700">「決して自分以外の人の考えを変えようとしないこと」。変革は自分自身から始めるべきであり、他者が変わることを期待するのではなく、まず自分が行動を起こすことが大切です。</p></div></div><div class="flex items-start"><div class="mr-6 mt-1"><div class="w-12 h-12 rounded-full bg-red-500 flex items-center justify-center"><i class="fas fa-heart text-white text-xl"></i></div></div><div><h3 class="text-xl font-bold text-blue-700 mb-2">同僚・上司・部下を信頼する/自分も信じる</h3><p class="text-lg text-gray-700">「必ず同僚や上司を信頼する」「必ず自分を信じる」。相互の信頼関係がなければ、どんな制度も形骸化します。信頼は一方的なものではなく、自分自身への信頼も含めた双方向の関係です。</p></div></div><div class="flex items-start"><div class="mr-6 mt-1"><div class="w-12 h-12 rounded-full bg-purple-600 flex items-center justify-center"><i class="fas fa-clock text-white text-xl"></i></div></div><div><h3 class="text-xl font-bold text-blue-700 mb-2">フレックスはツール。本質は相互の信頼</h3><p class="text-lg text-gray-700">「フレックスタイム制は、単なる制度でしかないのです。重要なのは、一週間毎日が週末発想の根底にある相互の信頼です」。制度は手段であり、目的ではありません。</p></div></div><div class="flex items-start"><div class="mr-6 mt-1"><div class="w-12 h-12 rounded-full bg-orange-500 flex items-center justify-center"><i class="fas fa-book-reader text-white text-xl"></i></div></div><div><h3 class="text-xl font-bold text-blue-700 mb-2">組織で読む/議論する/小さく試す</h3><p class="text-lg text-gray-700">「会社で一週間毎日が週末発想を導入するのであれば、ぜひ、会社の同僚や上司、部下と一緒になって読むことをお薦めします」。共に学び、議論し、小さな変化から始めることで、組織全体の変革へとつなげていきましょう。</p></div></div></div></div></div></div>	<div><p data-source-line="1-1">わかりました。ページ17の「実践のポイント（訳者メッセージ）」を作成します。これは「章ダイジェスト（箇条書き）」というテンプレートを使用して作成する必要があります。</p><p data-source-line="3-3">テンプレートを参考に、コンテンツは次のような内容を含める必要があります:</p><ul data-source-line="4-9"><li data-source-line="4-4">制度より文化を重視する</li><li data-source-line="5-5">自分から変化を始める</li><li data-source-line="6-6">信頼の重要性</li><li data-source-line="7-7">フレックスタイム制度は単なるツール、本質は相互信頼</li><li data-source-line="8-9">組織で読み、議論し、小さく試す</li></ul><p data-source-line="10-10">テンプレートのHTMLを参考に、同様の構造を維持しながら、これらの内容を追加します。アイコンは内容に合わせて変更し、色は統一性を保つために同様のカラースキームを使用します。</p><p data-source-line="12-12">では、HTML全体を作成しましょう:</p></div>
キーセンテンス集		<div class="flex flex-col w-[1280px] min-h-[720px] bg-gradient-to-br from-blue-50 to-white" style="font-family: 'Noto Sans JP', sans-serif;"><header class="bg-blue-700 py-4 px-8"><h1 class="text-3xl font-bold text-white">キーセンテンス集</h1></header><div class="flex-1 p-8"><div class="grid grid-cols-2 gap-6 h-full"><!-- 引用1 --><div class="bg-blue-50 rounded-lg p-6 flex items-start shadow-sm"><i class="fas fa-quote-left text-blue-400 text-4xl mr-4 mt-2"></i><div><p class="text-xl text-gray-700 font-medium">コントロールをやめることで、真の価値観が自然に生まれる</p><p class="text-sm text-gray-500 mt-3">- 第六章より</p></div></div><!-- 引用2 --><div class="bg-green-50 rounded-lg p-6 flex items-start shadow-sm"><i class="fas fa-quote-left text-green-400 text-4xl mr-4 mt-2"></i><div><p class="text-xl text-gray-700 font-medium">一週間毎日が週末発想は、仕事を自由・幸福・自律の場にするための方法</p><p class="text-sm text-gray-500 mt-3">- 第一章より</p></div></div><!-- 引用3 --><div class="bg-red-50 rounded-lg p-6 flex items-start shadow-sm"><i class="fas fa-quote-left text-red-400 text-4xl mr-4 mt-2"></i><div><p class="text-xl text-gray-700 font-medium">無限成長を前提にするのはがん細胞と同じ発想だ</p><p class="text-sm text-gray-500 mt-3">- 第五章より</p></div></div><!-- 引用4 --><div class="bg-purple-50 rounded-lg p-6 flex items-start shadow-sm"><i class="fas fa-quote-left text-purple-400 text-4xl mr-4 mt-2"></i><div><p class="text-xl text-gray-700 font-medium">情報の独占は不正と権力集中の温床。すべてを開示せよ</p><p class="text-sm text-gray-500 mt-3">- 第六章より</p></div></div><!-- 引用5 --><div class="bg-yellow-50 rounded-lg p-6 flex items-start shadow-sm"><i class="fas fa-quote-left text-yellow-500 text-4xl mr-4 mt-2"></i><div><p class="text-xl text-gray-700 font-medium">許可を願うより、許しを請え</p><p class="text-sm text-gray-500 mt-3">- 第九章より</p></div></div><!-- 引用6 --><div class="bg-orange-50 rounded-lg p-6 flex items-start shadow-sm"><i class="fas fa-quote-left text-orange-400 text-4xl mr-4 mt-2"></i><div><p class="text-xl text-gray-700 font-medium">データは直観を裏打ちするために使え</p><p class="text-sm text-gray-500 mt-3">- 第九章より</p></div></div></div></div></div>	<div><p data-source-line="1-1">私は、「奇跡の経営」の要約スライドの18ページ目（キーセンテンス集）を作成する必要があります。このページでは本書の重要な言葉を引用形式で整理します。</p><p data-source-line="3-3">書籍からの重要なキーセンテンスを収集し、視覚的に魅力的に表示したいと思います。先に提示された内容から、以下のようなキーセンテンスが抽出できます：</p><ol data-source-line="5-11"><li data-source-line="5-5">「コントロールをやめることで、真の価値観が自然に生まれる」</li><li data-source-line="6-6">「一週間毎日が週末発想は、仕事を自由・幸福・自律の場にするための方法」</li><li data-source-line="7-7">「無限成長を前提にするのはがん細胞と同じ発想だ」</li><li data-source-line="8-8">「情報の独占は不正と権力集中の温床。すべてを開示せよ」</li><li data-source-line="9-9">「許可を願うより、許しを請え」</li><li data-source-line="10-11">「データは直観を裏打ちするために使え」</li></ol><p data-source-line="12-12">これらを視覚的に引き立たせるデザインを考えます：</p><ul data-source-line="14-18"><li data-source-line="14-14">各キーセンテンスを引用符で囲み、特徴的なフォントスタイルで表示</li><li data-source-line="15-15">異なる色や背景で各キーセンテンスを区別</li><li data-source-line="16-16">アイコンを使って視覚的に強調</li><li data-source-line="17-18">引用のデザインを工夫して読みやすく魅力的に</li></ul><p data-source-line="19-19">では、以下のように実装します：</p></div>
重要用語集		<div class="flex flex-col w-[1280px] min-h-[720px] bg-gradient-to-br from-blue-50 to-white" style="font-family: 'Noto Sans JP', sans-serif;"><header class="bg-blue-700 py-4 px-8"><h1 class="text-3xl font-bold text-white">重要用語集</h1></header><div class="flex-1 p-6"><div class="grid grid-cols-2 gap-x-8 gap-y-5"><!-- 用語1 --><div class="flex items-start bg-blue-50 p-4 rounded-lg"><div class="w-10 h-10 bg-blue-600 rounded-full flex items-center justify-center mr-4 shrink-0"><i class="fas fa-sun text-white"></i></div><div><h3 class="text-lg font-bold text-blue-800 mb-1">一週間毎日が週末発想</h3><p class="text-base text-gray-700">週末の自由と幸福を平日の仕事へ持ち込む考え方。仕事と自由、喜び、主体性を両立させる経営哲学の核心。</p></div></div><!-- 用語2 --><div class="flex items-start bg-green-50 p-4 rounded-lg"><div class="w-10 h-10 bg-green-600 rounded-full flex items-center justify-center mr-4 shrink-0"><i class="fas fa-handshake text-white"></i></div><div><h3 class="text-lg font-bold text-green-800 mb-1">コントロールの放棄</h3><p class="text-base text-gray-700">従来型の指揮統制を手放し、社員の自律性を尊重する姿勢。階層や命令ではなく、自主性に基づく運営。</p></div></div><!-- 用語3 --><div class="flex items-start bg-purple-50 p-4 rounded-lg"><div class="w-10 h-10 bg-purple-600 rounded-full flex items-center justify-center mr-4 shrink-0"><i class="fas fa-users text-white"></i></div><div><h3 class="text-lg font-bold text-purple-800 mb-1">自己管理/民主主義経営</h3><p class="text-base text-gray-700">社員自らが仕事内容や時間を決め、投票や合議で重要事項を決定する仕組み。権限委譲と全員参加の意思決定。</p></div></div><!-- 用語4 --><div class="flex items-start bg-red-50 p-4 rounded-lg"><div class="w-10 h-10 bg-red-600 rounded-full flex items-center justify-center mr-4 shrink-0"><i class="fas fa-book-open text-white"></i></div><div><h3 class="text-lg font-bold text-red-800 mb-1">情報オープンブック</h3><p class="text-base text-gray-700">会計含むあらゆる情報を全社員と共有する方針。秘密主義の排除が不正防止と信頼醸成につながる。</p></div></div><!-- 用語5 --><div class="flex items-start bg-yellow-50 p-4 rounded-lg"><div class="w-10 h-10 bg-yellow-600 rounded-full flex items-center justify-center mr-4 shrink-0"><i class="fas fa-exchange-alt text-white"></i></div><div><h3 class="text-lg font-bold text-yellow-800 mb-1">リバース・エバリュエーション</h3><p class="text-base text-gray-700">部下が上司を評価する制度。権力の一方通行を防ぎ、リーダーの説明責任と部下の発言権を保障。</p></div></div><!-- 用語6 --><div class="flex items-start bg-indigo-50 p-4 rounded-lg"><div class="w-10 h-10 bg-indigo-600 rounded-full flex items-center justify-center mr-4 shrink-0"><i class="fas fa-shield-alt text-white"></i></div><div><h3 class="text-lg font-bold text-indigo-800 mb-1">評議員制度</h3><p class="text-base text-gray-700">社員代表（117人）が会社の原則・価値観からの逸脱がないか確認する月例会議を実施。経営陣の監視役。</p></div></div><!-- 用語7 --><div class="flex items-start bg-orange-50 p-4 rounded-lg"><div class="w-10 h-10 bg-orange-600 rounded-full flex items-center justify-center mr-4 shrink-0"><i class="fas fa-hourglass-half text-white"></i></div><div><h3 class="text-lg font-bold text-orange-800 mb-1">ちょっとだけリタイア/ワーク&amp;ストップ</h3><p class="text-base text-gray-700">人生のサイクルに合わせた休職・復帰制度。最長3年の休職も可能で、復帰時のポジションも保証。</p></div></div><!-- 用語8 --><div class="flex items-start bg-teal-50 p-4 rounded-lg"><div class="w-10 h-10 bg-teal-600 rounded-full flex items-center justify-center mr-4 shrink-0"><i class="fas fa-vote-yea text-white"></i></div><div><h3 class="text-lg font-bold text-teal-800 mb-1">Go/No Goミーティング</h3><p class="text-base text-gray-700">新規事業や製品開発を全社員参加で討議・投票する意思決定方式。経営陣提案も否決されることがある。</p></div></div><!-- 用語9 --><div class="flex items-start bg-pink-50 p-4 rounded-lg"><div class="w-10 h-10 bg-pink-600 rounded-full flex items-center justify-center mr-4 shrink-0"><i class="fas fa-money-bill-wave text-white"></i></div><div><h3 class="text-lg font-bold text-pink-800 mb-1">給与自己決定/利益分配</h3><p class="text-base text-gray-700">自らの給与を決定できる仕組みと、会社の成果を社員全員で分け合う仕組み。報酬の自律性と共通運命の醸成。</p></div></div><!-- 用語10 --><div class="flex items-start bg-cyan-50 p-4 rounded-lg"><div class="w-10 h-10 bg-cyan-600 rounded-full flex items-center justify-center mr-4 shrink-0"><i class="fas fa-random text-white"></i></div><div><h3 class="text-lg font-bold text-cyan-800 mb-1">セレンディピティ</h3><p class="text-base text-gray-700">偶然の発見を活かす姿勢。計画や予測に固執せず、予期せぬ発見や気づきを重視する経営観。</p></div></div></div></div></div>	<div><p data-source-line="1-1">このページ（スライド19）は「重要用語集」を作成するためのもので、セムコ社の独自概念や本書の重要な用語を整理して説明するものです。</p><p data-source-line="3-3">私は既存のスライドデザインを参考に、用語集として使いやすい形にしたいと思います。以下の点に注意します：</p><ol data-source-line="5-10"><li data-source-line="5-5">1280px × 720pxのサイズに収まるようにする</li><li data-source-line="6-6">視覚的に整理されたレイアウトを作成</li><li data-source-line="7-7">各用語とその説明を明確に区別する</li><li data-source-line="8-8">スタイルは全体のデザインに合わせる</li><li data-source-line="9-10">Tailwind CSSを使用してスタイリング</li></ol><p data-source-line="11-11">スライド19の用語集に含める内容としては、本書から抽出した重要な概念（アウトラインに記載されていた内容）を使用します：</p><ol data-source-line="13-23"><li data-source-line="13-13">一週間毎日が週末発想</li><li data-source-line="14-14">コントロールの放棄</li><li data-source-line="15-15">自己管理/民主主義経営</li><li data-source-line="16-16">情報オープンブック</li><li data-source-line="17-17">リバース・エバリュエーション</li><li data-source-line="18-18">評議員制度</li><li data-source-line="19-19">ちょっとだけリタイア/ワーク&amp;ストップ</li><li data-source-line="20-20">Go/No Goミーティング</li><li data-source-line="21-21">給与自己決定/利益分配</li><li data-source-line="22-23">セレンディピティ</li></ol><p data-source-line="24-24">これらの用語を2カラムのグリッドレイアウトで配置し、各用語にはアイコンと説明文をつけます。他のスライドと同様のヘッダーを使用し、全体の一貫性を保ちます。</p></div>
締め: 一週間毎日が週末発想へ		<div class="flex flex-col w-[1280px] min-h-[720px] bg-gradient-to-br from-blue-50 to-white" style="font-family: 'Noto Sans JP', sans-serif;"><header class="bg-blue-700 py-4 px-8"><h1 class="text-3xl font-bold text-white">締め: 一週間毎日が週末発想へ</h1></header><div class="flex flex-1 p-8"><div class="w-full"><div class="bg-blue-50 rounded-lg p-6 mb-8"><div class="flex items-center mb-4"><i class="fas fa-sun text-yellow-500 text-3xl mr-4"></i><p class="text-xl text-gray-700">働く喜びと組織の成功は両立する - まずは小さな一歩から変革を</p></div></div><div class="grid grid-cols-1 gap-6"><div class="flex items-start"><div class="mr-6 mt-1"><div class="w-12 h-12 rounded-full bg-green-600 flex items-center justify-center"><i class="fas fa-walking text-white text-xl"></i></div></div><div><h3 class="text-xl font-bold text-blue-700 mb-2">今日からできる一歩</h3><p class="text-lg text-gray-700">1) 会議や情報を開く：すべての情報を隠さず共有する<br/>2) 勤務の自由度を1つ増やす：時間や場所の選択権を与える<br/>3) 『なぜ？』を3回問う：固定観念や慣習を問い直す</p></div></div><div class="flex items-start"><div class="mr-6 mt-1"><div class="w-12 h-12 rounded-full bg-blue-600 flex items-center justify-center"><i class="fas fa-balance-scale text-white text-xl"></i></div></div><div><h3 class="text-xl font-bold text-blue-700 mb-2">成果と幸福の両立は可能</h3><p class="text-lg text-gray-700">セムコ社の実績が証明するように、管理や監視ではなく、「信頼・自律・民主性」を基盤とした組織では、社員の幸福と企業の持続的成長が同時に実現します。</p></div></div><div class="flex items-start"><div class="mr-6 mt-1"><div class="w-12 h-12 rounded-full bg-purple-600 flex items-center justify-center"><i class="fas fa-seedling text-white text-xl"></i></div></div><div><h3 class="text-xl font-bold text-blue-700 mb-2">小さく始め、継続的に発展させる</h3><p class="text-lg text-gray-700">すべてを一度に変えようとせず、小さな変化から始めましょう。学びを共有し、実験と検証を繰り返しながら、組織の仕組みを更新し続けることが重要です。</p></div></div><div class="flex items-start"><div class="mr-6 mt-1"><div class="w-12 h-12 rounded-full bg-red-500 flex items-center justify-center"><i class="fas fa-flag text-white text-xl"></i></div></div><div><h3 class="text-xl font-bold text-blue-700 mb-2">目的: 仕事=幸福の実感</h3><p class="text-lg text-gray-700">一週間毎日が週末発想の真の目的は、仕事を単なる収入源から「人生を価値あるものとし、目的にそって生きている実感を得る場」へと変革し、人と組織がともに繁る場をつくることです。</p></div></div><div class="flex items-start"><div class="mr-6 mt-1"><div class="w-12 h-12 rounded-full bg-orange-500 flex items-center justify-center"><i class="fas fa-sync-alt text-white text-xl"></i></div></div><div><h3 class="text-xl font-bold text-blue-700 mb-2">常に変わり続ける勇気を持つ</h3><p class="text-lg text-gray-700">「転がる石にはコケが生えない」ように、常に問い続け、変化し続ける組織であれば、どんな環境変化にも適応できます。変化を恐れず、直観と好奇心を大切にしましょう。</p></div></div></div></div></div></div>	<div><h2 data-source-line="1-1">アナリシス：ページ20「締め：一週間毎日が週末発想へ」の作成</h2><p data-source-line="3-3">このスライドは書籍全体のまとめとなる締めのスライドで、次の要素が必要です：</p><ol data-source-line="4-7"><li data-source-line="4-4">「今日からできる一歩」として実践的なポイント</li><li data-source-line="5-5">成果と幸福の両立についてのメッセージ</li><li data-source-line="6-7">一週間毎日が週末発想の目的</li></ol><p data-source-line="8-8">テンプレートは「章ダイジェスト（箇条書き）」を使用します。このテンプレートの特徴：</p><ul data-source-line="9-13"><li data-source-line="9-9">青いヘッダー</li><li data-source-line="10-10">上部に概要のセクション（青い背景）</li><li data-source-line="11-11">5つ程度のポイントをアイコン付きで整理</li><li data-source-line="12-13">各ポイントは見出しと説明文で構成</li></ul><h2 data-source-line="14-14">スライドの構成と内容</h2><h3 id="%E3%82%BF%E3%82%A4%E3%83%88%E3%83%AB" tabindex="-1" data-source-line="16-16">タイトル</h3><p data-source-line="17-17">「締め: 一週間毎日が週末発想へ」</p><h3 id="%E6%A6%82%E8%A6%81%E3%82%BB%E3%82%AF%E3%82%B7%E3%83%A7%E3%83%B3" tabindex="-1" data-source-line="19-19">概要セクション</h3><p data-source-line="20-20">「働く喜びと組織の成功は両立する - まずは小さな一歩から変革を」</p><h3 id="%E4%B8%BB%E8%A6%81%E3%83%9D%E3%82%A4%E3%83%B3%E3%83%88" tabindex="-1" data-source-line="22-22">主要ポイント</h3><ol data-source-line="24-43"><li data-source-line="24-27"><p data-source-line="24-24"><strong>今日からできる一歩</strong></p><ul data-source-line="25-27"><li data-source-line="25-25">アイコン: 歩行者または靴</li><li data-source-line="26-27">具体的な実践アクション：会議/情報を開く、勤務の自由度を増やす、「なぜ？」を問う</li></ul></li><li data-source-line="28-31"><p data-source-line="28-28"><strong>成果と幸福の両立</strong></p><ul data-source-line="29-31"><li data-source-line="29-29">アイコン: 天秤または円グラフ</li><li data-source-line="30-31">信頼・自律・民主性の重要性について</li></ul></li><li data-source-line="32-35"><p data-source-line="32-32"><strong>小さく始める</strong></p><ul data-source-line="33-35"><li data-source-line="33-33">アイコン: 芽または小さな植物</li><li data-source-line="34-35">学びを共有し、仕組みを更新し続けることの大切さ</li></ul></li><li data-source-line="36-39"><p data-source-line="36-36"><strong>目的の再確認</strong></p><ul data-source-line="37-39"><li data-source-line="37-37">アイコン: 目標または旗</li><li data-source-line="38-39">仕事=幸福の実感、人と組織が共に成長する場づくり</li></ul></li><li data-source-line="40-43"><p data-source-line="40-40"><strong>変化を続ける大切さ</strong></p><ul data-source-line="41-43"><li data-source-line="41-41">アイコン: サイクルまたは矢印</li><li data-source-line="42-43">常に進化し続ける組織の重要性</li></ul></li></ol><h2 data-source-line="44-44">HTMLコード作成</h2><p data-source-line="46-46">既存のテンプレートを参考に、上記の内容でスライドを作成します。</p></div>